TLC2 Version 2.19 of 08 August 2024 (rev: 5a47802)
Running breadth-first search Model-Checking with fp 43 and seed -7355786637049505212 with 16 workers on 16 cores with 5461MB heap and 64MB offheap memory [pid: 21832] (Windows 11 10.0 amd64, Eclipse Adoptium 21.0.12.1 x86_64, MSBDiskFPSet, DiskStateQueue).
Parsing file <repo>\formal\MC_Semgate.tla
Parsing file <repo>\formal\Semgate.tla
Parsing file C:\WINDOWS\TEMP\Naturals.tla
Parsing file C:\WINDOWS\TEMP\Sequences.tla
Parsing file C:\WINDOWS\TEMP\FiniteSets.tla
Parsing file C:\WINDOWS\TEMP\TLC.tla
Semantic processing of module Naturals
Semantic processing of module Sequences
Semantic processing of module FiniteSets
Semantic processing of module TLC
Semantic processing of module Semgate
Semantic processing of module MC_Semgate
Starting... (2026-09-23 14:53:46)
Computing initial states...
Finished computing initial states: 1 distinct state generated at 2026-09-23 14:53:46.
Progress(17) at 2026-09-23 14:53:49: 260,310 states generated (260,310 s/min), 120,297 distinct states found (120,297 ds/min), 47,674 states left on queue.
Error: Invariant K11_NoFailClosed is violated.
Error: The behavior up to this point is:
State 1: <Initial predicate>
/\ recs = ( <<p1, 2>> :>
      [ sess |-> "none",
        proj |-> "none",
        cmd |-> "none",
        dec |-> "none",
        kind |-> "none",
        step |-> "none",
        err |-> FALSE,
        legacy |-> FALSE ] @@
  <<p1, 3>> :>
      [ sess |-> "none",
        proj |-> "none",
        cmd |-> "none",
        dec |-> "none",
        kind |-> "none",
        step |-> "none",
        err |-> FALSE,
        legacy |-> FALSE ] @@
  <<p1, 4>> :>
      [ sess |-> "none",
        proj |-> "none",
        cmd |-> "none",
        dec |-> "none",
        kind |-> "none",
        step |-> "none",
        err |-> FALSE,
        legacy |-> FALSE ] @@
  <<p1, 5>> :>
      [ sess |-> "none",
        proj |-> "none",
        cmd |-> "none",
        dec |-> "none",
        kind |-> "none",
        step |-> "none",
        err |-> FALSE,
        legacy |-> FALSE ] @@
  <<p2, 2>> :>
      [ sess |-> "none",
        proj |-> "none",
        cmd |-> "none",
        dec |-> "none",
        kind |-> "none",
        step |-> "none",
        err |-> FALSE,
        legacy |-> FALSE ] @@
  <<p2, 3>> :>
      [ sess |-> "none",
        proj |-> "none",
        cmd |-> "none",
        dec |-> "none",
        kind |-> "none",
        step |-> "none",
        err |-> FALSE,
        legacy |-> FALSE ] @@
  <<p2, 4>> :>
      [ sess |-> "none",
        proj |-> "none",
        cmd |-> "none",
        dec |-> "none",
        kind |-> "none",
        step |-> "none",
        err |-> FALSE,
        legacy |-> FALSE ] @@
  <<p2, 5>> :>
      [ sess |-> "none",
        proj |-> "none",
        cmd |-> "none",
        dec |-> "none",
        kind |-> "none",
        step |-> "none",
        err |-> FALSE,
        legacy |-> FALSE ] @@
  <<p3, 2>> :>
      [ sess |-> "none",
        proj |-> "none",
        cmd |-> "none",
        dec |-> "none",
        kind |-> "none",
        step |-> "none",
        err |-> FALSE,
        legacy |-> FALSE ] @@
  <<p3, 3>> :>
      [ sess |-> "none",
        proj |-> "none",
        cmd |-> "none",
        dec |-> "none",
        kind |-> "none",
        step |-> "none",
        err |-> FALSE,
        legacy |-> FALSE ] @@
  <<p3, 4>> :>
      [ sess |-> "none",
        proj |-> "none",
        cmd |-> "none",
        dec |-> "none",
        kind |-> "none",
        step |-> "none",
        err |-> FALSE,
        legacy |-> FALSE ] @@
  <<p3, 5>> :>
      [ sess |-> "none",
        proj |-> "none",
        cmd |-> "none",
        dec |-> "none",
        kind |-> "none",
        step |-> "none",
        err |-> FALSE,
        legacy |-> FALSE ] @@
  <<"op", 1>> :>
      [ sess |-> "none",
        proj |-> "none",
        cmd |-> "none",
        dec |-> "none",
        kind |-> "none",
        step |-> "none",
        err |-> FALSE,
        legacy |-> FALSE ] @@
  <<"op", 2>> :>
      [ sess |-> "none",
        proj |-> "none",
        cmd |-> "none",
        dec |-> "none",
        kind |-> "none",
        step |-> "none",
        err |-> FALSE,
        legacy |-> FALSE ] )
/\ proj = (p1 :> "none" @@ p2 :> "none" @@ p3 :> "none")
/\ expAt = (p1 :> FALSE @@ p2 :> FALSE @@ p3 :> FALSE)
/\ approved = [c1 |-> 0, c2 |-> 0]
/\ sess = (p1 :> "none" @@ p2 :> "none" @@ p3 :> "none")
/\ tout = (p1 :> 0 @@ p2 :> 0 @@ p3 :> 0)
/\ ran = (p1 :> "none" @@ p2 :> "none" @@ p3 :> "none")
/\ sub = (p1 :> "none" @@ p2 :> "none" @@ p3 :> "none")
/\ stage = (p1 :> "none" @@ p2 :> "none" @@ p3 :> "none")
/\ pc = (p1 :> "idle" @@ p2 :> "idle" @@ p3 :> "idle")
/\ dec = (p1 :> "none" @@ p2 :> "none" @@ p3 :> "none")
/\ lock = "free"
/\ files = [ledger |-> <<>>, history |-> <<>>, feedback |-> <<>>]
/\ cmd = (p1 :> "none" @@ p2 :> "none" @@ p3 :> "none")
/\ wpos = (p1 :> 0 @@ p2 :> 0 @@ p3 :> 0)
/\ spill = <<>>
/\ queue = (p1 :> <<>> @@ p2 :> <<>> @@ p3 :> <<>>)
/\ expired = FALSE
/\ learnOk = (p1 :> FALSE @@ p2 :> FALSE @@ p3 :> FALSE)
/\ after = (p1 :> "done" @@ p2 :> "done" @@ p3 :> "done")
/\ granted = [c1 |-> 0, c2 |-> 0]

State 2: <Decide line 277, col 5 to line 305, col 78 of module Semgate>
/\ recs = ( <<p1, 2>> :>
      [ sess |-> "s1",
        proj |-> "j1",
        cmd |-> "c1",
        dec |-> "ask",
        kind |-> "pending",
        step |-> p1,
        err |-> FALSE,
        legacy |-> FALSE ] @@
  <<p1, 3>> :>
      [ sess |-> "s1",
        proj |-> "j1",
        cmd |-> "c1",
        dec |-> "ask",
        kind |-> "hr",
        step |-> p1,
        err |-> FALSE,
        legacy |-> FALSE ] @@
  <<p1, 4>> :>
      [ sess |-> "none",
        proj |-> "none",
        cmd |-> "none",
        dec |-> "none",
        kind |-> "none",
        step |-> "none",
        err |-> FALSE,
        legacy |-> FALSE ] @@
  <<p1, 5>> :>
      [ sess |-> "none",
        proj |-> "none",
        cmd |-> "none",
        dec |-> "none",
        kind |-> "none",
        step |-> "none",
        err |-> FALSE,
        legacy |-> FALSE ] @@
  <<p2, 2>> :>
      [ sess |-> "none",
        proj |-> "none",
        cmd |-> "none",
        dec |-> "none",
        kind |-> "none",
        step |-> "none",
        err |-> FALSE,
        legacy |-> FALSE ] @@
  <<p2, 3>> :>
      [ sess |-> "none",
        proj |-> "none",
        cmd |-> "none",
        dec |-> "none",
        kind |-> "none",
        step |-> "none",
        err |-> FALSE,
        legacy |-> FALSE ] @@
  <<p2, 4>> :>
      [ sess |-> "none",
        proj |-> "none",
        cmd |-> "none",
        dec |-> "none",
        kind |-> "none",
        step |-> "none",
        err |-> FALSE,
        legacy |-> FALSE ] @@
  <<p2, 5>> :>
      [ sess |-> "none",
        proj |-> "none",
        cmd |-> "none",
        dec |-> "none",
        kind |-> "none",
        step |-> "none",
        err |-> FALSE,
        legacy |-> FALSE ] @@
  <<p3, 2>> :>
      [ sess |-> "none",
        proj |-> "none",
        cmd |-> "none",
        dec |-> "none",
        kind |-> "none",
        step |-> "none",
        err |-> FALSE,
        legacy |-> FALSE ] @@
  <<p3, 3>> :>
      [ sess |-> "none",
        proj |-> "none",
        cmd |-> "none",
        dec |-> "none",
        kind |-> "none",
        step |-> "none",
        err |-> FALSE,
        legacy |-> FALSE ] @@
  <<p3, 4>> :>
      [ sess |-> "none",
        proj |-> "none",
        cmd |-> "none",
        dec |-> "none",
        kind |-> "none",
        step |-> "none",
        err |-> FALSE,
        legacy |-> FALSE ] @@
  <<p3, 5>> :>
      [ sess |-> "none",
        proj |-> "none",
        cmd |-> "none",
        dec |-> "none",
        kind |-> "none",
        step |-> "none",
        err |-> FALSE,
        legacy |-> FALSE ] @@
  <<"op", 1>> :>
      [ sess |-> "none",
        proj |-> "none",
        cmd |-> "none",
        dec |-> "none",
        kind |-> "none",
        step |-> "none",
        err |-> FALSE,
        legacy |-> FALSE ] @@
  <<"op", 2>> :>
      [ sess |-> "none",
        proj |-> "none",
        cmd |-> "none",
        dec |-> "none",
        kind |-> "none",
        step |-> "none",
        err |-> FALSE,
        legacy |-> FALSE ] )
/\ proj = (p1 :> "j1" @@ p2 :> "none" @@ p3 :> "none")
/\ expAt = (p1 :> FALSE @@ p2 :> FALSE @@ p3 :> FALSE)
/\ approved = [c1 |-> 0, c2 |-> 0]
/\ sess = (p1 :> "s1" @@ p2 :> "none" @@ p3 :> "none")
/\ tout = (p1 :> 0 @@ p2 :> 0 @@ p3 :> 0)
/\ ran = (p1 :> "none" @@ p2 :> "none" @@ p3 :> "none")
/\ sub = (p1 :> "acq" @@ p2 :> "none" @@ p3 :> "none")
/\ stage = (p1 :> "base" @@ p2 :> "none" @@ p3 :> "none")
/\ pc = (p1 :> "app" @@ p2 :> "idle" @@ p3 :> "idle")
/\ dec = (p1 :> "ask" @@ p2 :> "none" @@ p3 :> "none")
/\ lock = "free"
/\ files = [ledger |-> <<>>, history |-> <<>>, feedback |-> <<>>]
/\ cmd = (p1 :> "c1" @@ p2 :> "none" @@ p3 :> "none")
/\ wpos = (p1 :> 0 @@ p2 :> 0 @@ p3 :> 0)
/\ spill = <<>>
/\ queue = ( p1 :> <<<<"history", <<p1, 2>>>>, <<"ledger", <<p1, 3>>>>>> @@
  p2 :> <<>> @@
  p3 :> <<>> )
/\ expired = FALSE
/\ learnOk = (p1 :> FALSE @@ p2 :> FALSE @@ p3 :> FALSE)
/\ after = (p1 :> "returned" @@ p2 :> "done" @@ p3 :> "done")
/\ granted = [c1 |-> 0, c2 |-> 0]

State 3: <Acquire line 218, col 5 to line 220, col 97 of module Semgate>
/\ recs = ( <<p1, 2>> :>
      [ sess |-> "s1",
        proj |-> "j1",
        cmd |-> "c1",
        dec |-> "ask",
        kind |-> "pending",
        step |-> p1,
        err |-> FALSE,
        legacy |-> FALSE ] @@
  <<p1, 3>> :>
      [ sess |-> "s1",
        proj |-> "j1",
        cmd |-> "c1",
        dec |-> "ask",
        kind |-> "hr",
        step |-> p1,
        err |-> FALSE,
        legacy |-> FALSE ] @@
  <<p1, 4>> :>
      [ sess |-> "none",
        proj |-> "none",
        cmd |-> "none",
        dec |-> "none",
        kind |-> "none",
        step |-> "none",
        err |-> FALSE,
        legacy |-> FALSE ] @@
  <<p1, 5>> :>
      [ sess |-> "none",
        proj |-> "none",
        cmd |-> "none",
        dec |-> "none",
        kind |-> "none",
        step |-> "none",
        err |-> FALSE,
        legacy |-> FALSE ] @@
  <<p2, 2>> :>
      [ sess |-> "none",
        proj |-> "none",
        cmd |-> "none",
        dec |-> "none",
        kind |-> "none",
        step |-> "none",
        err |-> FALSE,
        legacy |-> FALSE ] @@
  <<p2, 3>> :>
      [ sess |-> "none",
        proj |-> "none",
        cmd |-> "none",
        dec |-> "none",
        kind |-> "none",
        step |-> "none",
        err |-> FALSE,
        legacy |-> FALSE ] @@
  <<p2, 4>> :>
      [ sess |-> "none",
        proj |-> "none",
        cmd |-> "none",
        dec |-> "none",
        kind |-> "none",
        step |-> "none",
        err |-> FALSE,
        legacy |-> FALSE ] @@
  <<p2, 5>> :>
      [ sess |-> "none",
        proj |-> "none",
        cmd |-> "none",
        dec |-> "none",
        kind |-> "none",
        step |-> "none",
        err |-> FALSE,
        legacy |-> FALSE ] @@
  <<p3, 2>> :>
      [ sess |-> "none",
        proj |-> "none",
        cmd |-> "none",
        dec |-> "none",
        kind |-> "none",
        step |-> "none",
        err |-> FALSE,
        legacy |-> FALSE ] @@
  <<p3, 3>> :>
      [ sess |-> "none",
        proj |-> "none",
        cmd |-> "none",
        dec |-> "none",
        kind |-> "none",
        step |-> "none",
        err |-> FALSE,
        legacy |-> FALSE ] @@
  <<p3, 4>> :>
      [ sess |-> "none",
        proj |-> "none",
        cmd |-> "none",
        dec |-> "none",
        kind |-> "none",
        step |-> "none",
        err |-> FALSE,
        legacy |-> FALSE ] @@
  <<p3, 5>> :>
      [ sess |-> "none",
        proj |-> "none",
        cmd |-> "none",
        dec |-> "none",
        kind |-> "none",
        step |-> "none",
        err |-> FALSE,
        legacy |-> FALSE ] @@
  <<"op", 1>> :>
      [ sess |-> "none",
        proj |-> "none",
        cmd |-> "none",
        dec |-> "none",
        kind |-> "none",
        step |-> "none",
        err |-> FALSE,
        legacy |-> FALSE ] @@
  <<"op", 2>> :>
      [ sess |-> "none",
        proj |-> "none",
        cmd |-> "none",
        dec |-> "none",
        kind |-> "none",
        step |-> "none",
        err |-> FALSE,
        legacy |-> FALSE ] )
/\ proj = (p1 :> "j1" @@ p2 :> "none" @@ p3 :> "none")
/\ expAt = (p1 :> FALSE @@ p2 :> FALSE @@ p3 :> FALSE)
/\ approved = [c1 |-> 0, c2 |-> 0]
/\ sess = (p1 :> "s1" @@ p2 :> "none" @@ p3 :> "none")
/\ tout = (p1 :> 0 @@ p2 :> 0 @@ p3 :> 0)
/\ ran = (p1 :> "none" @@ p2 :> "none" @@ p3 :> "none")
/\ sub = (p1 :> "seek" @@ p2 :> "none" @@ p3 :> "none")
/\ stage = (p1 :> "base" @@ p2 :> "none" @@ p3 :> "none")
/\ pc = (p1 :> "app" @@ p2 :> "idle" @@ p3 :> "idle")
/\ dec = (p1 :> "ask" @@ p2 :> "none" @@ p3 :> "none")
/\ lock = p1
/\ files = [ledger |-> <<>>, history |-> <<>>, feedback |-> <<>>]
/\ cmd = (p1 :> "c1" @@ p2 :> "none" @@ p3 :> "none")
/\ wpos = (p1 :> 0 @@ p2 :> 0 @@ p3 :> 0)
/\ spill = <<>>
/\ queue = ( p1 :> <<<<"history", <<p1, 2>>>>, <<"ledger", <<p1, 3>>>>>> @@
  p2 :> <<>> @@
  p3 :> <<>> )
/\ expired = FALSE
/\ learnOk = (p1 :> FALSE @@ p2 :> FALSE @@ p3 :> FALSE)
/\ after = (p1 :> "returned" @@ p2 :> "done" @@ p3 :> "done")
/\ granted = [c1 |-> 0, c2 |-> 0]

State 4: <Seek line 240, col 5 to line 251, col 79 of module Semgate>
/\ recs = ( <<p1, 2>> :>
      [ sess |-> "s1",
        proj |-> "j1",
        cmd |-> "c1",
        dec |-> "ask",
        kind |-> "pending",
        step |-> p1,
        err |-> FALSE,
        legacy |-> FALSE ] @@
  <<p1, 3>> :>
      [ sess |-> "s1",
        proj |-> "j1",
        cmd |-> "c1",
        dec |-> "ask",
        kind |-> "hr",
        step |-> p1,
        err |-> FALSE,
        legacy |-> FALSE ] @@
  <<p1, 4>> :>
      [ sess |-> "none",
        proj |-> "none",
        cmd |-> "none",
        dec |-> "none",
        kind |-> "none",
        step |-> "none",
        err |-> FALSE,
        legacy |-> FALSE ] @@
  <<p1, 5>> :>
      [ sess |-> "none",
        proj |-> "none",
        cmd |-> "none",
        dec |-> "none",
        kind |-> "none",
        step |-> "none",
        err |-> FALSE,
        legacy |-> FALSE ] @@
  <<p2, 2>> :>
      [ sess |-> "none",
        proj |-> "none",
        cmd |-> "none",
        dec |-> "none",
        kind |-> "none",
        step |-> "none",
        err |-> FALSE,
        legacy |-> FALSE ] @@
  <<p2, 3>> :>
      [ sess |-> "none",
        proj |-> "none",
        cmd |-> "none",
        dec |-> "none",
        kind |-> "none",
        step |-> "none",
        err |-> FALSE,
        legacy |-> FALSE ] @@
  <<p2, 4>> :>
      [ sess |-> "none",
        proj |-> "none",
        cmd |-> "none",
        dec |-> "none",
        kind |-> "none",
        step |-> "none",
        err |-> FALSE,
        legacy |-> FALSE ] @@
  <<p2, 5>> :>
      [ sess |-> "none",
        proj |-> "none",
        cmd |-> "none",
        dec |-> "none",
        kind |-> "none",
        step |-> "none",
        err |-> FALSE,
        legacy |-> FALSE ] @@
  <<p3, 2>> :>
      [ sess |-> "none",
        proj |-> "none",
        cmd |-> "none",
        dec |-> "none",
        kind |-> "none",
        step |-> "none",
        err |-> FALSE,
        legacy |-> FALSE ] @@
  <<p3, 3>> :>
      [ sess |-> "none",
        proj |-> "none",
        cmd |-> "none",
        dec |-> "none",
        kind |-> "none",
        step |-> "none",
        err |-> FALSE,
        legacy |-> FALSE ] @@
  <<p3, 4>> :>
      [ sess |-> "none",
        proj |-> "none",
        cmd |-> "none",
        dec |-> "none",
        kind |-> "none",
        step |-> "none",
        err |-> FALSE,
        legacy |-> FALSE ] @@
  <<p3, 5>> :>
      [ sess |-> "none",
        proj |-> "none",
        cmd |-> "none",
        dec |-> "none",
        kind |-> "none",
        step |-> "none",
        err |-> FALSE,
        legacy |-> FALSE ] @@
  <<"op", 1>> :>
      [ sess |-> "none",
        proj |-> "none",
        cmd |-> "none",
        dec |-> "none",
        kind |-> "none",
        step |-> "none",
        err |-> FALSE,
        legacy |-> FALSE ] @@
  <<"op", 2>> :>
      [ sess |-> "none",
        proj |-> "none",
        cmd |-> "none",
        dec |-> "none",
        kind |-> "none",
        step |-> "none",
        err |-> FALSE,
        legacy |-> FALSE ] )
/\ proj = (p1 :> "j1" @@ p2 :> "none" @@ p3 :> "none")
/\ expAt = (p1 :> FALSE @@ p2 :> FALSE @@ p3 :> FALSE)
/\ approved = [c1 |-> 0, c2 |-> 0]
/\ sess = (p1 :> "s1" @@ p2 :> "none" @@ p3 :> "none")
/\ tout = (p1 :> 0 @@ p2 :> 0 @@ p3 :> 0)
/\ ran = (p1 :> "none" @@ p2 :> "none" @@ p3 :> "none")
/\ sub = (p1 :> "write" @@ p2 :> "none" @@ p3 :> "none")
/\ stage = (p1 :> "base" @@ p2 :> "none" @@ p3 :> "none")
/\ pc = (p1 :> "app" @@ p2 :> "idle" @@ p3 :> "idle")
/\ dec = (p1 :> "ask" @@ p2 :> "none" @@ p3 :> "none")
/\ lock = p1
/\ files = [ledger |-> <<>>, history |-> <<>>, feedback |-> <<>>]
/\ cmd = (p1 :> "c1" @@ p2 :> "none" @@ p3 :> "none")
/\ wpos = (p1 :> 0 @@ p2 :> 0 @@ p3 :> 0)
/\ spill = <<>>
/\ queue = ( p1 :> <<<<"history", <<p1, 2>>>>, <<"ledger", <<p1, 3>>>>>> @@
  p2 :> <<>> @@
  p3 :> <<>> )
/\ expired = FALSE
/\ learnOk = (p1 :> FALSE @@ p2 :> FALSE @@ p3 :> FALSE)
/\ after = (p1 :> "returned" @@ p2 :> "done" @@ p3 :> "done")
/\ granted = [c1 |-> 0, c2 |-> 0]

State 5: <Write line 254, col 5 to line 261, col 79 of module Semgate>
/\ recs = ( <<p1, 2>> :>
      [ sess |-> "s1",
        proj |-> "j1",
        cmd |-> "c1",
        dec |-> "ask",
        kind |-> "pending",
        step |-> p1,
        err |-> FALSE,
        legacy |-> FALSE ] @@
  <<p1, 3>> :>
      [ sess |-> "s1",
        proj |-> "j1",
        cmd |-> "c1",
        dec |-> "ask",
        kind |-> "hr",
        step |-> p1,
        err |-> FALSE,
        legacy |-> FALSE ] @@
  <<p1, 4>> :>
      [ sess |-> "none",
        proj |-> "none",
        cmd |-> "none",
        dec |-> "none",
        kind |-> "none",
        step |-> "none",
        err |-> FALSE,
        legacy |-> FALSE ] @@
  <<p1, 5>> :>
      [ sess |-> "none",
        proj |-> "none",
        cmd |-> "none",
        dec |-> "none",
        kind |-> "none",
        step |-> "none",
        err |-> FALSE,
        legacy |-> FALSE ] @@
  <<p2, 2>> :>
      [ sess |-> "none",
        proj |-> "none",
        cmd |-> "none",
        dec |-> "none",
        kind |-> "none",
        step |-> "none",
        err |-> FALSE,
        legacy |-> FALSE ] @@
  <<p2, 3>> :>
      [ sess |-> "none",
        proj |-> "none",
        cmd |-> "none",
        dec |-> "none",
        kind |-> "none",
        step |-> "none",
        err |-> FALSE,
        legacy |-> FALSE ] @@
  <<p2, 4>> :>
      [ sess |-> "none",
        proj |-> "none",
        cmd |-> "none",
        dec |-> "none",
        kind |-> "none",
        step |-> "none",
        err |-> FALSE,
        legacy |-> FALSE ] @@
  <<p2, 5>> :>
      [ sess |-> "none",
        proj |-> "none",
        cmd |-> "none",
        dec |-> "none",
        kind |-> "none",
        step |-> "none",
        err |-> FALSE,
        legacy |-> FALSE ] @@
  <<p3, 2>> :>
      [ sess |-> "none",
        proj |-> "none",
        cmd |-> "none",
        dec |-> "none",
        kind |-> "none",
        step |-> "none",
        err |-> FALSE,
        legacy |-> FALSE ] @@
  <<p3, 3>> :>
      [ sess |-> "none",
        proj |-> "none",
        cmd |-> "none",
        dec |-> "none",
        kind |-> "none",
        step |-> "none",
        err |-> FALSE,
        legacy |-> FALSE ] @@
  <<p3, 4>> :>
      [ sess |-> "none",
        proj |-> "none",
        cmd |-> "none",
        dec |-> "none",
        kind |-> "none",
        step |-> "none",
        err |-> FALSE,
        legacy |-> FALSE ] @@
  <<p3, 5>> :>
      [ sess |-> "none",
        proj |-> "none",
        cmd |-> "none",
        dec |-> "none",
        kind |-> "none",
        step |-> "none",
        err |-> FALSE,
        legacy |-> FALSE ] @@
  <<"op", 1>> :>
      [ sess |-> "none",
        proj |-> "none",
        cmd |-> "none",
        dec |-> "none",
        kind |-> "none",
        step |-> "none",
        err |-> FALSE,
        legacy |-> FALSE ] @@
  <<"op", 2>> :>
      [ sess |-> "none",
        proj |-> "none",
        cmd |-> "none",
        dec |-> "none",
        kind |-> "none",
        step |-> "none",
        err |-> FALSE,
        legacy |-> FALSE ] )
/\ proj = (p1 :> "j1" @@ p2 :> "none" @@ p3 :> "none")
/\ expAt = (p1 :> FALSE @@ p2 :> FALSE @@ p3 :> FALSE)
/\ approved = [c1 |-> 0, c2 |-> 0]
/\ sess = (p1 :> "s1" @@ p2 :> "none" @@ p3 :> "none")
/\ tout = (p1 :> 0 @@ p2 :> 0 @@ p3 :> 0)
/\ ran = (p1 :> "none" @@ p2 :> "none" @@ p3 :> "none")
/\ sub = (p1 :> "rel" @@ p2 :> "none" @@ p3 :> "none")
/\ stage = (p1 :> "base" @@ p2 :> "none" @@ p3 :> "none")
/\ pc = (p1 :> "app" @@ p2 :> "idle" @@ p3 :> "idle")
/\ dec = (p1 :> "ask" @@ p2 :> "none" @@ p3 :> "none")
/\ lock = p1
/\ files = [ ledger |-> <<>>,
  history |-> <<[id |-> <<p1, 2>>, part |-> 0, last |-> TRUE]>>,
  feedback |-> <<>> ]
/\ cmd = (p1 :> "c1" @@ p2 :> "none" @@ p3 :> "none")
/\ wpos = (p1 :> 0 @@ p2 :> 0 @@ p3 :> 0)
/\ spill = <<>>
/\ queue = ( p1 :> <<<<"history", <<p1, 2>>>>, <<"ledger", <<p1, 3>>>>>> @@
  p2 :> <<>> @@
  p3 :> <<>> )
/\ expired = FALSE
/\ learnOk = (p1 :> FALSE @@ p2 :> FALSE @@ p3 :> FALSE)
/\ after = (p1 :> "returned" @@ p2 :> "done" @@ p3 :> "done")
/\ granted = [c1 |-> 0, c2 |-> 0]

State 6: <Decide line 277, col 5 to line 305, col 78 of module Semgate>
/\ recs = ( <<p1, 2>> :>
      [ sess |-> "s1",
        proj |-> "j1",
        cmd |-> "c1",
        dec |-> "ask",
        kind |-> "pending",
        step |-> p1,
        err |-> FALSE,
        legacy |-> FALSE ] @@
  <<p1, 3>> :>
      [ sess |-> "s1",
        proj |-> "j1",
        cmd |-> "c1",
        dec |-> "ask",
        kind |-> "hr",
        step |-> p1,
        err |-> FALSE,
        legacy |-> FALSE ] @@
  <<p1, 4>> :>
      [ sess |-> "none",
        proj |-> "none",
        cmd |-> "none",
        dec |-> "none",
        kind |-> "none",
        step |-> "none",
        err |-> FALSE,
        legacy |-> FALSE ] @@
  <<p1, 5>> :>
      [ sess |-> "none",
        proj |-> "none",
        cmd |-> "none",
        dec |-> "none",
        kind |-> "none",
        step |-> "none",
        err |-> FALSE,
        legacy |-> FALSE ] @@
  <<p2, 2>> :>
      [ sess |-> "s1",
        proj |-> "j1",
        cmd |-> "c1",
        dec |-> "ask",
        kind |-> "pending",
        step |-> p2,
        err |-> FALSE,
        legacy |-> FALSE ] @@
  <<p2, 3>> :>
      [ sess |-> "s1",
        proj |-> "j1",
        cmd |-> "c1",
        dec |-> "ask",
        kind |-> "hr",
        step |-> p2,
        err |-> FALSE,
        legacy |-> FALSE ] @@
  <<p2, 4>> :>
      [ sess |-> "none",
        proj |-> "none",
        cmd |-> "none",
        dec |-> "none",
        kind |-> "none",
        step |-> "none",
        err |-> FALSE,
        legacy |-> FALSE ] @@
  <<p2, 5>> :>
      [ sess |-> "none",
        proj |-> "none",
        cmd |-> "none",
        dec |-> "none",
        kind |-> "none",
        step |-> "none",
        err |-> FALSE,
        legacy |-> FALSE ] @@
  <<p3, 2>> :>
      [ sess |-> "none",
        proj |-> "none",
        cmd |-> "none",
        dec |-> "none",
        kind |-> "none",
        step |-> "none",
        err |-> FALSE,
        legacy |-> FALSE ] @@
  <<p3, 3>> :>
      [ sess |-> "none",
        proj |-> "none",
        cmd |-> "none",
        dec |-> "none",
        kind |-> "none",
        step |-> "none",
        err |-> FALSE,
        legacy |-> FALSE ] @@
  <<p3, 4>> :>
      [ sess |-> "none",
        proj |-> "none",
        cmd |-> "none",
        dec |-> "none",
        kind |-> "none",
        step |-> "none",
        err |-> FALSE,
        legacy |-> FALSE ] @@
  <<p3, 5>> :>
      [ sess |-> "none",
        proj |-> "none",
        cmd |-> "none",
        dec |-> "none",
        kind |-> "none",
        step |-> "none",
        err |-> FALSE,
        legacy |-> FALSE ] @@
  <<"op", 1>> :>
      [ sess |-> "none",
        proj |-> "none",
        cmd |-> "none",
        dec |-> "none",
        kind |-> "none",
        step |-> "none",
        err |-> FALSE,
        legacy |-> FALSE ] @@
  <<"op", 2>> :>
      [ sess |-> "none",
        proj |-> "none",
        cmd |-> "none",
        dec |-> "none",
        kind |-> "none",
        step |-> "none",
        err |-> FALSE,
        legacy |-> FALSE ] )
/\ proj = (p1 :> "j1" @@ p2 :> "j1" @@ p3 :> "none")
/\ expAt = (p1 :> FALSE @@ p2 :> FALSE @@ p3 :> FALSE)
/\ approved = [c1 |-> 0, c2 |-> 0]
/\ sess = (p1 :> "s1" @@ p2 :> "s1" @@ p3 :> "none")
/\ tout = (p1 :> 0 @@ p2 :> 1 @@ p3 :> 0)
/\ ran = (p1 :> "none" @@ p2 :> "none" @@ p3 :> "none")
/\ sub = (p1 :> "rel" @@ p2 :> "acq" @@ p3 :> "none")
/\ stage = (p1 :> "base" @@ p2 :> "base" @@ p3 :> "none")
/\ pc = (p1 :> "app" @@ p2 :> "app" @@ p3 :> "idle")
/\ dec = (p1 :> "ask" @@ p2 :> "ask" @@ p3 :> "none")
/\ lock = p1
/\ files = [ ledger |-> <<>>,
  history |-> <<[id |-> <<p1, 2>>, part |-> 0, last |-> TRUE]>>,
  feedback |-> <<>> ]
/\ cmd = (p1 :> "c1" @@ p2 :> "c1" @@ p3 :> "none")
/\ wpos = (p1 :> 0 @@ p2 :> 0 @@ p3 :> 0)
/\ spill = <<>>
/\ queue = ( p1 :> <<<<"history", <<p1, 2>>>>, <<"ledger", <<p1, 3>>>>>> @@
  p2 :> <<<<"history", <<p2, 2>>>>, <<"ledger", <<p2, 3>>>>>> @@
  p3 :> <<>> )
/\ expired = FALSE
/\ learnOk = (p1 :> FALSE @@ p2 :> FALSE @@ p3 :> FALSE)
/\ after = (p1 :> "returned" @@ p2 :> "returned" @@ p3 :> "done")
/\ granted = [c1 |-> 0, c2 |-> 0]

State 7: <Release line 264, col 5 to line 267, col 86 of module Semgate>
/\ recs = ( <<p1, 2>> :>
      [ sess |-> "s1",
        proj |-> "j1",
        cmd |-> "c1",
        dec |-> "ask",
        kind |-> "pending",
        step |-> p1,
        err |-> FALSE,
        legacy |-> FALSE ] @@
  <<p1, 3>> :>
      [ sess |-> "s1",
        proj |-> "j1",
        cmd |-> "c1",
        dec |-> "ask",
        kind |-> "hr",
        step |-> p1,
        err |-> FALSE,
        legacy |-> FALSE ] @@
  <<p1, 4>> :>
      [ sess |-> "none",
        proj |-> "none",
        cmd |-> "none",
        dec |-> "none",
        kind |-> "none",
        step |-> "none",
        err |-> FALSE,
        legacy |-> FALSE ] @@
  <<p1, 5>> :>
      [ sess |-> "none",
        proj |-> "none",
        cmd |-> "none",
        dec |-> "none",
        kind |-> "none",
        step |-> "none",
        err |-> FALSE,
        legacy |-> FALSE ] @@
  <<p2, 2>> :>
      [ sess |-> "s1",
        proj |-> "j1",
        cmd |-> "c1",
        dec |-> "ask",
        kind |-> "pending",
        step |-> p2,
        err |-> FALSE,
        legacy |-> FALSE ] @@
  <<p2, 3>> :>
      [ sess |-> "s1",
        proj |-> "j1",
        cmd |-> "c1",
        dec |-> "ask",
        kind |-> "hr",
        step |-> p2,
        err |-> FALSE,
        legacy |-> FALSE ] @@
  <<p2, 4>> :>
      [ sess |-> "none",
        proj |-> "none",
        cmd |-> "none",
        dec |-> "none",
        kind |-> "none",
        step |-> "none",
        err |-> FALSE,
        legacy |-> FALSE ] @@
  <<p2, 5>> :>
      [ sess |-> "none",
        proj |-> "none",
        cmd |-> "none",
        dec |-> "none",
        kind |-> "none",
        step |-> "none",
        err |-> FALSE,
        legacy |-> FALSE ] @@
  <<p3, 2>> :>
      [ sess |-> "none",
        proj |-> "none",
        cmd |-> "none",
        dec |-> "none",
        kind |-> "none",
        step |-> "none",
        err |-> FALSE,
        legacy |-> FALSE ] @@
  <<p3, 3>> :>
      [ sess |-> "none",
        proj |-> "none",
        cmd |-> "none",
        dec |-> "none",
        kind |-> "none",
        step |-> "none",
        err |-> FALSE,
        legacy |-> FALSE ] @@
  <<p3, 4>> :>
      [ sess |-> "none",
        proj |-> "none",
        cmd |-> "none",
        dec |-> "none",
        kind |-> "none",
        step |-> "none",
        err |-> FALSE,
        legacy |-> FALSE ] @@
  <<p3, 5>> :>
      [ sess |-> "none",
        proj |-> "none",
        cmd |-> "none",
        dec |-> "none",
        kind |-> "none",
        step |-> "none",
        err |-> FALSE,
        legacy |-> FALSE ] @@
  <<"op", 1>> :>
      [ sess |-> "none",
        proj |-> "none",
        cmd |-> "none",
        dec |-> "none",
        kind |-> "none",
        step |-> "none",
        err |-> FALSE,
        legacy |-> FALSE ] @@
  <<"op", 2>> :>
      [ sess |-> "none",
        proj |-> "none",
        cmd |-> "none",
        dec |-> "none",
        kind |-> "none",
        step |-> "none",
        err |-> FALSE,
        legacy |-> FALSE ] )
/\ proj = (p1 :> "j1" @@ p2 :> "j1" @@ p3 :> "none")
/\ expAt = (p1 :> FALSE @@ p2 :> FALSE @@ p3 :> FALSE)
/\ approved = [c1 |-> 0, c2 |-> 0]
/\ sess = (p1 :> "s1" @@ p2 :> "s1" @@ p3 :> "none")
/\ tout = (p1 :> 0 @@ p2 :> 1 @@ p3 :> 0)
/\ ran = (p1 :> "none" @@ p2 :> "none" @@ p3 :> "none")
/\ sub = (p1 :> "acq" @@ p2 :> "acq" @@ p3 :> "none")
/\ stage = (p1 :> "base" @@ p2 :> "base" @@ p3 :> "none")
/\ pc = (p1 :> "app" @@ p2 :> "app" @@ p3 :> "idle")
/\ dec = (p1 :> "ask" @@ p2 :> "ask" @@ p3 :> "none")
/\ lock = "free"
/\ files = [ ledger |-> <<>>,
  history |-> <<[id |-> <<p1, 2>>, part |-> 0, last |-> TRUE]>>,
  feedback |-> <<>> ]
/\ cmd = (p1 :> "c1" @@ p2 :> "c1" @@ p3 :> "none")
/\ wpos = (p1 :> 0 @@ p2 :> 0 @@ p3 :> 0)
/\ spill = <<>>
/\ queue = ( p1 :> <<<<"ledger", <<p1, 3>>>>>> @@
  p2 :> <<<<"history", <<p2, 2>>>>, <<"ledger", <<p2, 3>>>>>> @@
  p3 :> <<>> )
/\ expired = FALSE
/\ learnOk = (p1 :> FALSE @@ p2 :> FALSE @@ p3 :> FALSE)
/\ after = (p1 :> "returned" @@ p2 :> "returned" @@ p3 :> "done")
/\ granted = [c1 |-> 0, c2 |-> 0]

State 8: <Acquire line 218, col 5 to line 220, col 97 of module Semgate>
/\ recs = ( <<p1, 2>> :>
      [ sess |-> "s1",
        proj |-> "j1",
        cmd |-> "c1",
        dec |-> "ask",
        kind |-> "pending",
        step |-> p1,
        err |-> FALSE,
        legacy |-> FALSE ] @@
  <<p1, 3>> :>
      [ sess |-> "s1",
        proj |-> "j1",
        cmd |-> "c1",
        dec |-> "ask",
        kind |-> "hr",
        step |-> p1,
        err |-> FALSE,
        legacy |-> FALSE ] @@
  <<p1, 4>> :>
      [ sess |-> "none",
        proj |-> "none",
        cmd |-> "none",
        dec |-> "none",
        kind |-> "none",
        step |-> "none",
        err |-> FALSE,
        legacy |-> FALSE ] @@
  <<p1, 5>> :>
      [ sess |-> "none",
        proj |-> "none",
        cmd |-> "none",
        dec |-> "none",
        kind |-> "none",
        step |-> "none",
        err |-> FALSE,
        legacy |-> FALSE ] @@
  <<p2, 2>> :>
      [ sess |-> "s1",
        proj |-> "j1",
        cmd |-> "c1",
        dec |-> "ask",
        kind |-> "pending",
        step |-> p2,
        err |-> FALSE,
        legacy |-> FALSE ] @@
  <<p2, 3>> :>
      [ sess |-> "s1",
        proj |-> "j1",
        cmd |-> "c1",
        dec |-> "ask",
        kind |-> "hr",
        step |-> p2,
        err |-> FALSE,
        legacy |-> FALSE ] @@
  <<p2, 4>> :>
      [ sess |-> "none",
        proj |-> "none",
        cmd |-> "none",
        dec |-> "none",
        kind |-> "none",
        step |-> "none",
        err |-> FALSE,
        legacy |-> FALSE ] @@
  <<p2, 5>> :>
      [ sess |-> "none",
        proj |-> "none",
        cmd |-> "none",
        dec |-> "none",
        kind |-> "none",
        step |-> "none",
        err |-> FALSE,
        legacy |-> FALSE ] @@
  <<p3, 2>> :>
      [ sess |-> "none",
        proj |-> "none",
        cmd |-> "none",
        dec |-> "none",
        kind |-> "none",
        step |-> "none",
        err |-> FALSE,
        legacy |-> FALSE ] @@
  <<p3, 3>> :>
      [ sess |-> "none",
        proj |-> "none",
        cmd |-> "none",
        dec |-> "none",
        kind |-> "none",
        step |-> "none",
        err |-> FALSE,
        legacy |-> FALSE ] @@
  <<p3, 4>> :>
      [ sess |-> "none",
        proj |-> "none",
        cmd |-> "none",
        dec |-> "none",
        kind |-> "none",
        step |-> "none",
        err |-> FALSE,
        legacy |-> FALSE ] @@
  <<p3, 5>> :>
      [ sess |-> "none",
        proj |-> "none",
        cmd |-> "none",
        dec |-> "none",
        kind |-> "none",
        step |-> "none",
        err |-> FALSE,
        legacy |-> FALSE ] @@
  <<"op", 1>> :>
      [ sess |-> "none",
        proj |-> "none",
        cmd |-> "none",
        dec |-> "none",
        kind |-> "none",
        step |-> "none",
        err |-> FALSE,
        legacy |-> FALSE ] @@
  <<"op", 2>> :>
      [ sess |-> "none",
        proj |-> "none",
        cmd |-> "none",
        dec |-> "none",
        kind |-> "none",
        step |-> "none",
        err |-> FALSE,
        legacy |-> FALSE ] )
/\ proj = (p1 :> "j1" @@ p2 :> "j1" @@ p3 :> "none")
/\ expAt = (p1 :> FALSE @@ p2 :> FALSE @@ p3 :> FALSE)
/\ approved = [c1 |-> 0, c2 |-> 0]
/\ sess = (p1 :> "s1" @@ p2 :> "s1" @@ p3 :> "none")
/\ tout = (p1 :> 0 @@ p2 :> 1 @@ p3 :> 0)
/\ ran = (p1 :> "none" @@ p2 :> "none" @@ p3 :> "none")
/\ sub = (p1 :> "acq" @@ p2 :> "seek" @@ p3 :> "none")
/\ stage = (p1 :> "base" @@ p2 :> "base" @@ p3 :> "none")
/\ pc = (p1 :> "app" @@ p2 :> "app" @@ p3 :> "idle")
/\ dec = (p1 :> "ask" @@ p2 :> "ask" @@ p3 :> "none")
/\ lock = p2
/\ files = [ ledger |-> <<>>,
  history |-> <<[id |-> <<p1, 2>>, part |-> 0, last |-> TRUE]>>,
  feedback |-> <<>> ]
/\ cmd = (p1 :> "c1" @@ p2 :> "c1" @@ p3 :> "none")
/\ wpos = (p1 :> 0 @@ p2 :> 0 @@ p3 :> 0)
/\ spill = <<>>
/\ queue = ( p1 :> <<<<"ledger", <<p1, 3>>>>>> @@
  p2 :> <<<<"history", <<p2, 2>>>>, <<"ledger", <<p2, 3>>>>>> @@
  p3 :> <<>> )
/\ expired = FALSE
/\ learnOk = (p1 :> FALSE @@ p2 :> FALSE @@ p3 :> FALSE)
/\ after = (p1 :> "returned" @@ p2 :> "returned" @@ p3 :> "done")
/\ granted = [c1 |-> 0, c2 |-> 0]

State 9: <AcqTimeout line 226, col 5 to line 237, col 68 of module Semgate>
/\ recs = ( <<p1, 2>> :>
      [ sess |-> "s1",
        proj |-> "j1",
        cmd |-> "c1",
        dec |-> "ask",
        kind |-> "pending",
        step |-> p1,
        err |-> FALSE,
        legacy |-> FALSE ] @@
  <<p1, 3>> :>
      [ sess |-> "s1",
        proj |-> "j1",
        cmd |-> "c1",
        dec |-> "ask",
        kind |-> "hr",
        step |-> p1,
        err |-> FALSE,
        legacy |-> FALSE ] @@
  <<p1, 4>> :>
      [ sess |-> "none",
        proj |-> "none",
        cmd |-> "none",
        dec |-> "none",
        kind |-> "none",
        step |-> "none",
        err |-> FALSE,
        legacy |-> FALSE ] @@
  <<p1, 5>> :>
      [ sess |-> "none",
        proj |-> "none",
        cmd |-> "none",
        dec |-> "none",
        kind |-> "none",
        step |-> "none",
        err |-> FALSE,
        legacy |-> FALSE ] @@
  <<p2, 2>> :>
      [ sess |-> "s1",
        proj |-> "j1",
        cmd |-> "c1",
        dec |-> "ask",
        kind |-> "pending",
        step |-> p2,
        err |-> FALSE,
        legacy |-> FALSE ] @@
  <<p2, 3>> :>
      [ sess |-> "s1",
        proj |-> "j1",
        cmd |-> "c1",
        dec |-> "ask",
        kind |-> "hr",
        step |-> p2,
        err |-> FALSE,
        legacy |-> FALSE ] @@
  <<p2, 4>> :>
      [ sess |-> "none",
        proj |-> "none",
        cmd |-> "none",
        dec |-> "none",
        kind |-> "none",
        step |-> "none",
        err |-> FALSE,
        legacy |-> FALSE ] @@
  <<p2, 5>> :>
      [ sess |-> "none",
        proj |-> "none",
        cmd |-> "none",
        dec |-> "none",
        kind |-> "none",
        step |-> "none",
        err |-> FALSE,
        legacy |-> FALSE ] @@
  <<p3, 2>> :>
      [ sess |-> "none",
        proj |-> "none",
        cmd |-> "none",
        dec |-> "none",
        kind |-> "none",
        step |-> "none",
        err |-> FALSE,
        legacy |-> FALSE ] @@
  <<p3, 3>> :>
      [ sess |-> "none",
        proj |-> "none",
        cmd |-> "none",
        dec |-> "none",
        kind |-> "none",
        step |-> "none",
        err |-> FALSE,
        legacy |-> FALSE ] @@
  <<p3, 4>> :>
      [ sess |-> "none",
        proj |-> "none",
        cmd |-> "none",
        dec |-> "none",
        kind |-> "none",
        step |-> "none",
        err |-> FALSE,
        legacy |-> FALSE ] @@
  <<p3, 5>> :>
      [ sess |-> "none",
        proj |-> "none",
        cmd |-> "none",
        dec |-> "none",
        kind |-> "none",
        step |-> "none",
        err |-> FALSE,
        legacy |-> FALSE ] @@
  <<"op", 1>> :>
      [ sess |-> "none",
        proj |-> "none",
        cmd |-> "none",
        dec |-> "none",
        kind |-> "none",
        step |-> "none",
        err |-> FALSE,
        legacy |-> FALSE ] @@
  <<"op", 2>> :>
      [ sess |-> "none",
        proj |-> "none",
        cmd |-> "none",
        dec |-> "none",
        kind |-> "none",
        step |-> "none",
        err |-> FALSE,
        legacy |-> FALSE ] )
/\ proj = (p1 :> "j1" @@ p2 :> "j1" @@ p3 :> "none")
/\ expAt = (p1 :> FALSE @@ p2 :> FALSE @@ p3 :> FALSE)
/\ approved = [c1 |-> 0, c2 |-> 0]
/\ sess = (p1 :> "s1" @@ p2 :> "s1" @@ p3 :> "none")
/\ tout = (p1 :> 1 @@ p2 :> 1 @@ p3 :> 0)
/\ ran = (p1 :> "none" @@ p2 :> "none" @@ p3 :> "none")
/\ sub = (p1 :> "none" @@ p2 :> "seek" @@ p3 :> "none")
/\ stage = (p1 :> "base" @@ p2 :> "base" @@ p3 :> "none")
/\ pc = (p1 :> "returned" @@ p2 :> "app" @@ p3 :> "idle")
/\ dec = (p1 :> "ask" @@ p2 :> "ask" @@ p3 :> "none")
/\ lock = p2
/\ files = [ ledger |-> <<>>,
  history |-> <<[id |-> <<p1, 2>>, part |-> 0, last |-> TRUE]>>,
  feedback |-> <<>> ]
/\ cmd = (p1 :> "c1" @@ p2 :> "c1" @@ p3 :> "none")
/\ wpos = (p1 :> 0 @@ p2 :> 0 @@ p3 :> 0)
/\ spill = << [ sess |-> "s1",
     proj |-> "j1",
     cmd |-> "c1",
     dec |-> "ask",
     kind |-> "hr",
     step |-> p1,
     err |-> FALSE,
     legacy |-> FALSE,
     key |-> <<p1, 3>> ] >>
/\ queue = ( p1 :> <<>> @@
  p2 :> <<<<"history", <<p2, 2>>>>, <<"ledger", <<p2, 3>>>>>> @@
  p3 :> <<>> )
/\ expired = FALSE
/\ learnOk = (p1 :> FALSE @@ p2 :> FALSE @@ p3 :> FALSE)
/\ after = (p1 :> "returned" @@ p2 :> "returned" @@ p3 :> "done")
/\ granted = [c1 |-> 0, c2 |-> 0]

State 10: <HostAndPost line 326, col 5 to line 332, col 114 of module Semgate>
/\ recs = ( <<p1, 2>> :>
      [ sess |-> "s1",
        proj |-> "j1",
        cmd |-> "c1",
        dec |-> "ask",
        kind |-> "pending",
        step |-> p1,
        err |-> FALSE,
        legacy |-> FALSE ] @@
  <<p1, 3>> :>
      [ sess |-> "s1",
        proj |-> "j1",
        cmd |-> "c1",
        dec |-> "ask",
        kind |-> "hr",
        step |-> p1,
        err |-> FALSE,
        legacy |-> FALSE ] @@
  <<p1, 4>> :>
      [ sess |-> "s1",
        proj |-> "none",
        cmd |-> "c1",
        dec |-> "ask",
        kind |-> "executed",
        step |-> p1,
        err |-> FALSE,
        legacy |-> FALSE ] @@
  <<p1, 5>> :>
      [ sess |-> "none",
        proj |-> "none",
        cmd |-> "none",
        dec |-> "none",
        kind |-> "none",
        step |-> "none",
        err |-> FALSE,
        legacy |-> FALSE ] @@
  <<p2, 2>> :>
      [ sess |-> "s1",
        proj |-> "j1",
        cmd |-> "c1",
        dec |-> "ask",
        kind |-> "pending",
        step |-> p2,
        err |-> FALSE,
        legacy |-> FALSE ] @@
  <<p2, 3>> :>
      [ sess |-> "s1",
        proj |-> "j1",
        cmd |-> "c1",
        dec |-> "ask",
        kind |-> "hr",
        step |-> p2,
        err |-> FALSE,
        legacy |-> FALSE ] @@
  <<p2, 4>> :>
      [ sess |-> "none",
        proj |-> "none",
        cmd |-> "none",
        dec |-> "none",
        kind |-> "none",
        step |-> "none",
        err |-> FALSE,
        legacy |-> FALSE ] @@
  <<p2, 5>> :>
      [ sess |-> "none",
        proj |-> "none",
        cmd |-> "none",
        dec |-> "none",
        kind |-> "none",
        step |-> "none",
        err |-> FALSE,
        legacy |-> FALSE ] @@
  <<p3, 2>> :>
      [ sess |-> "none",
        proj |-> "none",
        cmd |-> "none",
        dec |-> "none",
        kind |-> "none",
        step |-> "none",
        err |-> FALSE,
        legacy |-> FALSE ] @@
  <<p3, 3>> :>
      [ sess |-> "none",
        proj |-> "none",
        cmd |-> "none",
        dec |-> "none",
        kind |-> "none",
        step |-> "none",
        err |-> FALSE,
        legacy |-> FALSE ] @@
  <<p3, 4>> :>
      [ sess |-> "none",
        proj |-> "none",
        cmd |-> "none",
        dec |-> "none",
        kind |-> "none",
        step |-> "none",
        err |-> FALSE,
        legacy |-> FALSE ] @@
  <<p3, 5>> :>
      [ sess |-> "none",
        proj |-> "none",
        cmd |-> "none",
        dec |-> "none",
        kind |-> "none",
        step |-> "none",
        err |-> FALSE,
        legacy |-> FALSE ] @@
  <<"op", 1>> :>
      [ sess |-> "none",
        proj |-> "none",
        cmd |-> "none",
        dec |-> "none",
        kind |-> "none",
        step |-> "none",
        err |-> FALSE,
        legacy |-> FALSE ] @@
  <<"op", 2>> :>
      [ sess |-> "none",
        proj |-> "none",
        cmd |-> "none",
        dec |-> "none",
        kind |-> "none",
        step |-> "none",
        err |-> FALSE,
        legacy |-> FALSE ] )
/\ proj = (p1 :> "j1" @@ p2 :> "j1" @@ p3 :> "none")
/\ expAt = (p1 :> FALSE @@ p2 :> FALSE @@ p3 :> FALSE)
/\ approved = [c1 |-> 1, c2 |-> 0]
/\ sess = (p1 :> "s1" @@ p2 :> "s1" @@ p3 :> "none")
/\ tout = (p1 :> 1 @@ p2 :> 1 @@ p3 :> 0)
/\ ran = (p1 :> "yes" @@ p2 :> "none" @@ p3 :> "none")
/\ sub = (p1 :> "acq" @@ p2 :> "seek" @@ p3 :> "none")
/\ stage = (p1 :> "base" @@ p2 :> "base" @@ p3 :> "none")
/\ pc = (p1 :> "app" @@ p2 :> "app" @@ p3 :> "idle")
/\ dec = (p1 :> "ask" @@ p2 :> "ask" @@ p3 :> "none")
/\ lock = p2
/\ files = [ ledger |-> <<>>,
  history |-> <<[id |-> <<p1, 2>>, part |-> 0, last |-> TRUE]>>,
  feedback |-> <<>> ]
/\ cmd = (p1 :> "c1" @@ p2 :> "c1" @@ p3 :> "none")
/\ wpos = (p1 :> 0 @@ p2 :> 0 @@ p3 :> 0)
/\ spill = << [ sess |-> "s1",
     proj |-> "j1",
     cmd |-> "c1",
     dec |-> "ask",
     kind |-> "hr",
     step |-> p1,
     err |-> FALSE,
     legacy |-> FALSE,
     key |-> <<p1, 3>> ] >>
/\ queue = ( p1 :> <<<<"history", <<p1, 4>>>>>> @@
  p2 :> <<<<"history", <<p2, 2>>>>, <<"ledger", <<p2, 3>>>>>> @@
  p3 :> <<>> )
/\ expired = FALSE
/\ learnOk = (p1 :> FALSE @@ p2 :> FALSE @@ p3 :> FALSE)
/\ after = (p1 :> "done" @@ p2 :> "returned" @@ p3 :> "done")
/\ granted = [c1 |-> 0, c2 |-> 0]

State 11: <Seek line 240, col 5 to line 251, col 79 of module Semgate>
/\ recs = ( <<p1, 2>> :>
      [ sess |-> "s1",
        proj |-> "j1",
        cmd |-> "c1",
        dec |-> "ask",
        kind |-> "pending",
        step |-> p1,
        err |-> FALSE,
        legacy |-> FALSE ] @@
  <<p1, 3>> :>
      [ sess |-> "s1",
        proj |-> "j1",
        cmd |-> "c1",
        dec |-> "ask",
        kind |-> "hr",
        step |-> p1,
        err |-> FALSE,
        legacy |-> FALSE ] @@
  <<p1, 4>> :>
      [ sess |-> "s1",
        proj |-> "none",
        cmd |-> "c1",
        dec |-> "ask",
        kind |-> "executed",
        step |-> p1,
        err |-> FALSE,
        legacy |-> FALSE ] @@
  <<p1, 5>> :>
      [ sess |-> "none",
        proj |-> "none",
        cmd |-> "none",
        dec |-> "none",
        kind |-> "none",
        step |-> "none",
        err |-> FALSE,
        legacy |-> FALSE ] @@
  <<p2, 2>> :>
      [ sess |-> "s1",
        proj |-> "j1",
        cmd |-> "c1",
        dec |-> "ask",
        kind |-> "pending",
        step |-> p2,
        err |-> FALSE,
        legacy |-> FALSE ] @@
  <<p2, 3>> :>
      [ sess |-> "s1",
        proj |-> "j1",
        cmd |-> "c1",
        dec |-> "ask",
        kind |-> "hr",
        step |-> p2,
        err |-> FALSE,
        legacy |-> FALSE ] @@
  <<p2, 4>> :>
      [ sess |-> "none",
        proj |-> "none",
        cmd |-> "none",
        dec |-> "none",
        kind |-> "none",
        step |-> "none",
        err |-> FALSE,
        legacy |-> FALSE ] @@
  <<p2, 5>> :>
      [ sess |-> "none",
        proj |-> "none",
        cmd |-> "none",
        dec |-> "none",
        kind |-> "none",
        step |-> "none",
        err |-> FALSE,
        legacy |-> FALSE ] @@
  <<p3, 2>> :>
      [ sess |-> "none",
        proj |-> "none",
        cmd |-> "none",
        dec |-> "none",
        kind |-> "none",
        step |-> "none",
        err |-> FALSE,
        legacy |-> FALSE ] @@
  <<p3, 3>> :>
      [ sess |-> "none",
        proj |-> "none",
        cmd |-> "none",
        dec |-> "none",
        kind |-> "none",
        step |-> "none",
        err |-> FALSE,
        legacy |-> FALSE ] @@
  <<p3, 4>> :>
      [ sess |-> "none",
        proj |-> "none",
        cmd |-> "none",
        dec |-> "none",
        kind |-> "none",
        step |-> "none",
        err |-> FALSE,
        legacy |-> FALSE ] @@
  <<p3, 5>> :>
      [ sess |-> "none",
        proj |-> "none",
        cmd |-> "none",
        dec |-> "none",
        kind |-> "none",
        step |-> "none",
        err |-> FALSE,
        legacy |-> FALSE ] @@
  <<"op", 1>> :>
      [ sess |-> "none",
        proj |-> "none",
        cmd |-> "none",
        dec |-> "none",
        kind |-> "none",
        step |-> "none",
        err |-> FALSE,
        legacy |-> FALSE ] @@
  <<"op", 2>> :>
      [ sess |-> "none",
        proj |-> "none",
        cmd |-> "none",
        dec |-> "none",
        kind |-> "none",
        step |-> "none",
        err |-> FALSE,
        legacy |-> FALSE ] )
/\ proj = (p1 :> "j1" @@ p2 :> "j1" @@ p3 :> "none")
/\ expAt = (p1 :> FALSE @@ p2 :> FALSE @@ p3 :> FALSE)
/\ approved = [c1 |-> 1, c2 |-> 0]
/\ sess = (p1 :> "s1" @@ p2 :> "s1" @@ p3 :> "none")
/\ tout = (p1 :> 1 @@ p2 :> 1 @@ p3 :> 0)
/\ ran = (p1 :> "yes" @@ p2 :> "none" @@ p3 :> "none")
/\ sub = (p1 :> "acq" @@ p2 :> "write" @@ p3 :> "none")
/\ stage = (p1 :> "base" @@ p2 :> "base" @@ p3 :> "none")
/\ pc = (p1 :> "app" @@ p2 :> "app" @@ p3 :> "idle")
/\ dec = (p1 :> "ask" @@ p2 :> "ask" @@ p3 :> "none")
/\ lock = p2
/\ files = [ ledger |-> <<>>,
  history |-> <<[id |-> <<p1, 2>>, part |-> 0, last |-> TRUE]>>,
  feedback |-> <<>> ]
/\ cmd = (p1 :> "c1" @@ p2 :> "c1" @@ p3 :> "none")
/\ wpos = (p1 :> 0 @@ p2 :> 1 @@ p3 :> 0)
/\ spill = << [ sess |-> "s1",
     proj |-> "j1",
     cmd |-> "c1",
     dec |-> "ask",
     kind |-> "hr",
     step |-> p1,
     err |-> FALSE,
     legacy |-> FALSE,
     key |-> <<p1, 3>> ] >>
/\ queue = ( p1 :> <<<<"history", <<p1, 4>>>>>> @@
  p2 :> <<<<"history", <<p2, 2>>>>, <<"ledger", <<p2, 3>>>>>> @@
  p3 :> <<>> )
/\ expired = FALSE
/\ learnOk = (p1 :> FALSE @@ p2 :> FALSE @@ p3 :> FALSE)
/\ after = (p1 :> "done" @@ p2 :> "returned" @@ p3 :> "done")
/\ granted = [c1 |-> 0, c2 |-> 0]

State 12: <Write line 254, col 5 to line 261, col 79 of module Semgate>
/\ recs = ( <<p1, 2>> :>
      [ sess |-> "s1",
        proj |-> "j1",
        cmd |-> "c1",
        dec |-> "ask",
        kind |-> "pending",
        step |-> p1,
        err |-> FALSE,
        legacy |-> FALSE ] @@
  <<p1, 3>> :>
      [ sess |-> "s1",
        proj |-> "j1",
        cmd |-> "c1",
        dec |-> "ask",
        kind |-> "hr",
        step |-> p1,
        err |-> FALSE,
        legacy |-> FALSE ] @@
  <<p1, 4>> :>
      [ sess |-> "s1",
        proj |-> "none",
        cmd |-> "c1",
        dec |-> "ask",
        kind |-> "executed",
        step |-> p1,
        err |-> FALSE,
        legacy |-> FALSE ] @@
  <<p1, 5>> :>
      [ sess |-> "none",
        proj |-> "none",
        cmd |-> "none",
        dec |-> "none",
        kind |-> "none",
        step |-> "none",
        err |-> FALSE,
        legacy |-> FALSE ] @@
  <<p2, 2>> :>
      [ sess |-> "s1",
        proj |-> "j1",
        cmd |-> "c1",
        dec |-> "ask",
        kind |-> "pending",
        step |-> p2,
        err |-> FALSE,
        legacy |-> FALSE ] @@
  <<p2, 3>> :>
      [ sess |-> "s1",
        proj |-> "j1",
        cmd |-> "c1",
        dec |-> "ask",
        kind |-> "hr",
        step |-> p2,
        err |-> FALSE,
        legacy |-> FALSE ] @@
  <<p2, 4>> :>
      [ sess |-> "none",
        proj |-> "none",
        cmd |-> "none",
        dec |-> "none",
        kind |-> "none",
        step |-> "none",
        err |-> FALSE,
        legacy |-> FALSE ] @@
  <<p2, 5>> :>
      [ sess |-> "none",
        proj |-> "none",
        cmd |-> "none",
        dec |-> "none",
        kind |-> "none",
        step |-> "none",
        err |-> FALSE,
        legacy |-> FALSE ] @@
  <<p3, 2>> :>
      [ sess |-> "none",
        proj |-> "none",
        cmd |-> "none",
        dec |-> "none",
        kind |-> "none",
        step |-> "none",
        err |-> FALSE,
        legacy |-> FALSE ] @@
  <<p3, 3>> :>
      [ sess |-> "none",
        proj |-> "none",
        cmd |-> "none",
        dec |-> "none",
        kind |-> "none",
        step |-> "none",
        err |-> FALSE,
        legacy |-> FALSE ] @@
  <<p3, 4>> :>
      [ sess |-> "none",
        proj |-> "none",
        cmd |-> "none",
        dec |-> "none",
        kind |-> "none",
        step |-> "none",
        err |-> FALSE,
        legacy |-> FALSE ] @@
  <<p3, 5>> :>
      [ sess |-> "none",
        proj |-> "none",
        cmd |-> "none",
        dec |-> "none",
        kind |-> "none",
        step |-> "none",
        err |-> FALSE,
        legacy |-> FALSE ] @@
  <<"op", 1>> :>
      [ sess |-> "none",
        proj |-> "none",
        cmd |-> "none",
        dec |-> "none",
        kind |-> "none",
        step |-> "none",
        err |-> FALSE,
        legacy |-> FALSE ] @@
  <<"op", 2>> :>
      [ sess |-> "none",
        proj |-> "none",
        cmd |-> "none",
        dec |-> "none",
        kind |-> "none",
        step |-> "none",
        err |-> FALSE,
        legacy |-> FALSE ] )
/\ proj = (p1 :> "j1" @@ p2 :> "j1" @@ p3 :> "none")
/\ expAt = (p1 :> FALSE @@ p2 :> FALSE @@ p3 :> FALSE)
/\ approved = [c1 |-> 1, c2 |-> 0]
/\ sess = (p1 :> "s1" @@ p2 :> "s1" @@ p3 :> "none")
/\ tout = (p1 :> 1 @@ p2 :> 1 @@ p3 :> 0)
/\ ran = (p1 :> "yes" @@ p2 :> "none" @@ p3 :> "none")
/\ sub = (p1 :> "acq" @@ p2 :> "rel" @@ p3 :> "none")
/\ stage = (p1 :> "base" @@ p2 :> "base" @@ p3 :> "none")
/\ pc = (p1 :> "app" @@ p2 :> "app" @@ p3 :> "idle")
/\ dec = (p1 :> "ask" @@ p2 :> "ask" @@ p3 :> "none")
/\ lock = p2
/\ files = [ ledger |-> <<>>,
  history |->
      << [id |-> <<p1, 2>>, part |-> 0, last |-> TRUE],
         [id |-> <<p2, 2>>, part |-> 0, last |-> TRUE] >>,
  feedback |-> <<>> ]
/\ cmd = (p1 :> "c1" @@ p2 :> "c1" @@ p3 :> "none")
/\ wpos = (p1 :> 0 @@ p2 :> 0 @@ p3 :> 0)
/\ spill = << [ sess |-> "s1",
     proj |-> "j1",
     cmd |-> "c1",
     dec |-> "ask",
     kind |-> "hr",
     step |-> p1,
     err |-> FALSE,
     legacy |-> FALSE,
     key |-> <<p1, 3>> ] >>
/\ queue = ( p1 :> <<<<"history", <<p1, 4>>>>>> @@
  p2 :> <<<<"history", <<p2, 2>>>>, <<"ledger", <<p2, 3>>>>>> @@
  p3 :> <<>> )
/\ expired = FALSE
/\ learnOk = (p1 :> FALSE @@ p2 :> FALSE @@ p3 :> FALSE)
/\ after = (p1 :> "done" @@ p2 :> "returned" @@ p3 :> "done")
/\ granted = [c1 |-> 0, c2 |-> 0]

State 13: <Release line 264, col 5 to line 267, col 86 of module Semgate>
/\ recs = ( <<p1, 2>> :>
      [ sess |-> "s1",
        proj |-> "j1",
        cmd |-> "c1",
        dec |-> "ask",
        kind |-> "pending",
        step |-> p1,
        err |-> FALSE,
        legacy |-> FALSE ] @@
  <<p1, 3>> :>
      [ sess |-> "s1",
        proj |-> "j1",
        cmd |-> "c1",
        dec |-> "ask",
        kind |-> "hr",
        step |-> p1,
        err |-> FALSE,
        legacy |-> FALSE ] @@
  <<p1, 4>> :>
      [ sess |-> "s1",
        proj |-> "none",
        cmd |-> "c1",
        dec |-> "ask",
        kind |-> "executed",
        step |-> p1,
        err |-> FALSE,
        legacy |-> FALSE ] @@
  <<p1, 5>> :>
      [ sess |-> "none",
        proj |-> "none",
        cmd |-> "none",
        dec |-> "none",
        kind |-> "none",
        step |-> "none",
        err |-> FALSE,
        legacy |-> FALSE ] @@
  <<p2, 2>> :>
      [ sess |-> "s1",
        proj |-> "j1",
        cmd |-> "c1",
        dec |-> "ask",
        kind |-> "pending",
        step |-> p2,
        err |-> FALSE,
        legacy |-> FALSE ] @@
  <<p2, 3>> :>
      [ sess |-> "s1",
        proj |-> "j1",
        cmd |-> "c1",
        dec |-> "ask",
        kind |-> "hr",
        step |-> p2,
        err |-> FALSE,
        legacy |-> FALSE ] @@
  <<p2, 4>> :>
      [ sess |-> "none",
        proj |-> "none",
        cmd |-> "none",
        dec |-> "none",
        kind |-> "none",
        step |-> "none",
        err |-> FALSE,
        legacy |-> FALSE ] @@
  <<p2, 5>> :>
      [ sess |-> "none",
        proj |-> "none",
        cmd |-> "none",
        dec |-> "none",
        kind |-> "none",
        step |-> "none",
        err |-> FALSE,
        legacy |-> FALSE ] @@
  <<p3, 2>> :>
      [ sess |-> "none",
        proj |-> "none",
        cmd |-> "none",
        dec |-> "none",
        kind |-> "none",
        step |-> "none",
        err |-> FALSE,
        legacy |-> FALSE ] @@
  <<p3, 3>> :>
      [ sess |-> "none",
        proj |-> "none",
        cmd |-> "none",
        dec |-> "none",
        kind |-> "none",
        step |-> "none",
        err |-> FALSE,
        legacy |-> FALSE ] @@
  <<p3, 4>> :>
      [ sess |-> "none",
        proj |-> "none",
        cmd |-> "none",
        dec |-> "none",
        kind |-> "none",
        step |-> "none",
        err |-> FALSE,
        legacy |-> FALSE ] @@
  <<p3, 5>> :>
      [ sess |-> "none",
        proj |-> "none",
        cmd |-> "none",
        dec |-> "none",
        kind |-> "none",
        step |-> "none",
        err |-> FALSE,
        legacy |-> FALSE ] @@
  <<"op", 1>> :>
      [ sess |-> "none",
        proj |-> "none",
        cmd |-> "none",
        dec |-> "none",
        kind |-> "none",
        step |-> "none",
        err |-> FALSE,
        legacy |-> FALSE ] @@
  <<"op", 2>> :>
      [ sess |-> "none",
        proj |-> "none",
        cmd |-> "none",
        dec |-> "none",
        kind |-> "none",
        step |-> "none",
        err |-> FALSE,
        legacy |-> FALSE ] )
/\ proj = (p1 :> "j1" @@ p2 :> "j1" @@ p3 :> "none")
/\ expAt = (p1 :> FALSE @@ p2 :> FALSE @@ p3 :> FALSE)
/\ approved = [c1 |-> 1, c2 |-> 0]
/\ sess = (p1 :> "s1" @@ p2 :> "s1" @@ p3 :> "none")
/\ tout = (p1 :> 1 @@ p2 :> 1 @@ p3 :> 0)
/\ ran = (p1 :> "yes" @@ p2 :> "none" @@ p3 :> "none")
/\ sub = (p1 :> "acq" @@ p2 :> "acq" @@ p3 :> "none")
/\ stage = (p1 :> "base" @@ p2 :> "base" @@ p3 :> "none")
/\ pc = (p1 :> "app" @@ p2 :> "app" @@ p3 :> "idle")
/\ dec = (p1 :> "ask" @@ p2 :> "ask" @@ p3 :> "none")
/\ lock = "free"
/\ files = [ ledger |-> <<>>,
  history |->
      << [id |-> <<p1, 2>>, part |-> 0, last |-> TRUE],
         [id |-> <<p2, 2>>, part |-> 0, last |-> TRUE] >>,
  feedback |-> <<>> ]
/\ cmd = (p1 :> "c1" @@ p2 :> "c1" @@ p3 :> "none")
/\ wpos = (p1 :> 0 @@ p2 :> 0 @@ p3 :> 0)
/\ spill = << [ sess |-> "s1",
     proj |-> "j1",
     cmd |-> "c1",
     dec |-> "ask",
     kind |-> "hr",
     step |-> p1,
     err |-> FALSE,
     legacy |-> FALSE,
     key |-> <<p1, 3>> ] >>
/\ queue = ( p1 :> <<<<"history", <<p1, 4>>>>>> @@
  p2 :> <<<<"ledger", <<p2, 3>>>>>> @@
  p3 :> <<>> )
/\ expired = FALSE
/\ learnOk = (p1 :> FALSE @@ p2 :> FALSE @@ p3 :> FALSE)
/\ after = (p1 :> "done" @@ p2 :> "returned" @@ p3 :> "done")
/\ granted = [c1 |-> 0, c2 |-> 0]

State 14: <Acquire line 218, col 5 to line 220, col 97 of module Semgate>
/\ recs = ( <<p1, 2>> :>
      [ sess |-> "s1",
        proj |-> "j1",
        cmd |-> "c1",
        dec |-> "ask",
        kind |-> "pending",
        step |-> p1,
        err |-> FALSE,
        legacy |-> FALSE ] @@
  <<p1, 3>> :>
      [ sess |-> "s1",
        proj |-> "j1",
        cmd |-> "c1",
        dec |-> "ask",
        kind |-> "hr",
        step |-> p1,
        err |-> FALSE,
        legacy |-> FALSE ] @@
  <<p1, 4>> :>
      [ sess |-> "s1",
        proj |-> "none",
        cmd |-> "c1",
        dec |-> "ask",
        kind |-> "executed",
        step |-> p1,
        err |-> FALSE,
        legacy |-> FALSE ] @@
  <<p1, 5>> :>
      [ sess |-> "none",
        proj |-> "none",
        cmd |-> "none",
        dec |-> "none",
        kind |-> "none",
        step |-> "none",
        err |-> FALSE,
        legacy |-> FALSE ] @@
  <<p2, 2>> :>
      [ sess |-> "s1",
        proj |-> "j1",
        cmd |-> "c1",
        dec |-> "ask",
        kind |-> "pending",
        step |-> p2,
        err |-> FALSE,
        legacy |-> FALSE ] @@
  <<p2, 3>> :>
      [ sess |-> "s1",
        proj |-> "j1",
        cmd |-> "c1",
        dec |-> "ask",
        kind |-> "hr",
        step |-> p2,
        err |-> FALSE,
        legacy |-> FALSE ] @@
  <<p2, 4>> :>
      [ sess |-> "none",
        proj |-> "none",
        cmd |-> "none",
        dec |-> "none",
        kind |-> "none",
        step |-> "none",
        err |-> FALSE,
        legacy |-> FALSE ] @@
  <<p2, 5>> :>
      [ sess |-> "none",
        proj |-> "none",
        cmd |-> "none",
        dec |-> "none",
        kind |-> "none",
        step |-> "none",
        err |-> FALSE,
        legacy |-> FALSE ] @@
  <<p3, 2>> :>
      [ sess |-> "none",
        proj |-> "none",
        cmd |-> "none",
        dec |-> "none",
        kind |-> "none",
        step |-> "none",
        err |-> FALSE,
        legacy |-> FALSE ] @@
  <<p3, 3>> :>
      [ sess |-> "none",
        proj |-> "none",
        cmd |-> "none",
        dec |-> "none",
        kind |-> "none",
        step |-> "none",
        err |-> FALSE,
        legacy |-> FALSE ] @@
  <<p3, 4>> :>
      [ sess |-> "none",
        proj |-> "none",
        cmd |-> "none",
        dec |-> "none",
        kind |-> "none",
        step |-> "none",
        err |-> FALSE,
        legacy |-> FALSE ] @@
  <<p3, 5>> :>
      [ sess |-> "none",
        proj |-> "none",
        cmd |-> "none",
        dec |-> "none",
        kind |-> "none",
        step |-> "none",
        err |-> FALSE,
        legacy |-> FALSE ] @@
  <<"op", 1>> :>
      [ sess |-> "none",
        proj |-> "none",
        cmd |-> "none",
        dec |-> "none",
        kind |-> "none",
        step |-> "none",
        err |-> FALSE,
        legacy |-> FALSE ] @@
  <<"op", 2>> :>
      [ sess |-> "none",
        proj |-> "none",
        cmd |-> "none",
        dec |-> "none",
        kind |-> "none",
        step |-> "none",
        err |-> FALSE,
        legacy |-> FALSE ] )
/\ proj = (p1 :> "j1" @@ p2 :> "j1" @@ p3 :> "none")
/\ expAt = (p1 :> FALSE @@ p2 :> FALSE @@ p3 :> FALSE)
/\ approved = [c1 |-> 1, c2 |-> 0]
/\ sess = (p1 :> "s1" @@ p2 :> "s1" @@ p3 :> "none")
/\ tout = (p1 :> 1 @@ p2 :> 1 @@ p3 :> 0)
/\ ran = (p1 :> "yes" @@ p2 :> "none" @@ p3 :> "none")
/\ sub = (p1 :> "seek" @@ p2 :> "acq" @@ p3 :> "none")
/\ stage = (p1 :> "base" @@ p2 :> "base" @@ p3 :> "none")
/\ pc = (p1 :> "app" @@ p2 :> "app" @@ p3 :> "idle")
/\ dec = (p1 :> "ask" @@ p2 :> "ask" @@ p3 :> "none")
/\ lock = p1
/\ files = [ ledger |-> <<>>,
  history |->
      << [id |-> <<p1, 2>>, part |-> 0, last |-> TRUE],
         [id |-> <<p2, 2>>, part |-> 0, last |-> TRUE] >>,
  feedback |-> <<>> ]
/\ cmd = (p1 :> "c1" @@ p2 :> "c1" @@ p3 :> "none")
/\ wpos = (p1 :> 0 @@ p2 :> 0 @@ p3 :> 0)
/\ spill = << [ sess |-> "s1",
     proj |-> "j1",
     cmd |-> "c1",
     dec |-> "ask",
     kind |-> "hr",
     step |-> p1,
     err |-> FALSE,
     legacy |-> FALSE,
     key |-> <<p1, 3>> ] >>
/\ queue = ( p1 :> <<<<"history", <<p1, 4>>>>>> @@
  p2 :> <<<<"ledger", <<p2, 3>>>>>> @@
  p3 :> <<>> )
/\ expired = FALSE
/\ learnOk = (p1 :> FALSE @@ p2 :> FALSE @@ p3 :> FALSE)
/\ after = (p1 :> "done" @@ p2 :> "returned" @@ p3 :> "done")
/\ granted = [c1 |-> 0, c2 |-> 0]

State 15: <Seek line 240, col 5 to line 251, col 79 of module Semgate>
/\ recs = ( <<p1, 2>> :>
      [ sess |-> "s1",
        proj |-> "j1",
        cmd |-> "c1",
        dec |-> "ask",
        kind |-> "pending",
        step |-> p1,
        err |-> FALSE,
        legacy |-> FALSE ] @@
  <<p1, 3>> :>
      [ sess |-> "s1",
        proj |-> "j1",
        cmd |-> "c1",
        dec |-> "ask",
        kind |-> "hr",
        step |-> p1,
        err |-> FALSE,
        legacy |-> FALSE ] @@
  <<p1, 4>> :>
      [ sess |-> "s1",
        proj |-> "none",
        cmd |-> "c1",
        dec |-> "ask",
        kind |-> "executed",
        step |-> p1,
        err |-> FALSE,
        legacy |-> FALSE ] @@
  <<p1, 5>> :>
      [ sess |-> "none",
        proj |-> "none",
        cmd |-> "none",
        dec |-> "none",
        kind |-> "none",
        step |-> "none",
        err |-> FALSE,
        legacy |-> FALSE ] @@
  <<p2, 2>> :>
      [ sess |-> "s1",
        proj |-> "j1",
        cmd |-> "c1",
        dec |-> "ask",
        kind |-> "pending",
        step |-> p2,
        err |-> FALSE,
        legacy |-> FALSE ] @@
  <<p2, 3>> :>
      [ sess |-> "s1",
        proj |-> "j1",
        cmd |-> "c1",
        dec |-> "ask",
        kind |-> "hr",
        step |-> p2,
        err |-> FALSE,
        legacy |-> FALSE ] @@
  <<p2, 4>> :>
      [ sess |-> "none",
        proj |-> "none",
        cmd |-> "none",
        dec |-> "none",
        kind |-> "none",
        step |-> "none",
        err |-> FALSE,
        legacy |-> FALSE ] @@
  <<p2, 5>> :>
      [ sess |-> "none",
        proj |-> "none",
        cmd |-> "none",
        dec |-> "none",
        kind |-> "none",
        step |-> "none",
        err |-> FALSE,
        legacy |-> FALSE ] @@
  <<p3, 2>> :>
      [ sess |-> "none",
        proj |-> "none",
        cmd |-> "none",
        dec |-> "none",
        kind |-> "none",
        step |-> "none",
        err |-> FALSE,
        legacy |-> FALSE ] @@
  <<p3, 3>> :>
      [ sess |-> "none",
        proj |-> "none",
        cmd |-> "none",
        dec |-> "none",
        kind |-> "none",
        step |-> "none",
        err |-> FALSE,
        legacy |-> FALSE ] @@
  <<p3, 4>> :>
      [ sess |-> "none",
        proj |-> "none",
        cmd |-> "none",
        dec |-> "none",
        kind |-> "none",
        step |-> "none",
        err |-> FALSE,
        legacy |-> FALSE ] @@
  <<p3, 5>> :>
      [ sess |-> "none",
        proj |-> "none",
        cmd |-> "none",
        dec |-> "none",
        kind |-> "none",
        step |-> "none",
        err |-> FALSE,
        legacy |-> FALSE ] @@
  <<"op", 1>> :>
      [ sess |-> "none",
        proj |-> "none",
        cmd |-> "none",
        dec |-> "none",
        kind |-> "none",
        step |-> "none",
        err |-> FALSE,
        legacy |-> FALSE ] @@
  <<"op", 2>> :>
      [ sess |-> "none",
        proj |-> "none",
        cmd |-> "none",
        dec |-> "none",
        kind |-> "none",
        step |-> "none",
        err |-> FALSE,
        legacy |-> FALSE ] )
/\ proj = (p1 :> "j1" @@ p2 :> "j1" @@ p3 :> "none")
/\ expAt = (p1 :> FALSE @@ p2 :> FALSE @@ p3 :> FALSE)
/\ approved = [c1 |-> 1, c2 |-> 0]
/\ sess = (p1 :> "s1" @@ p2 :> "s1" @@ p3 :> "none")
/\ tout = (p1 :> 1 @@ p2 :> 1 @@ p3 :> 0)
/\ ran = (p1 :> "yes" @@ p2 :> "none" @@ p3 :> "none")
/\ sub = (p1 :> "write" @@ p2 :> "acq" @@ p3 :> "none")
/\ stage = (p1 :> "base" @@ p2 :> "base" @@ p3 :> "none")
/\ pc = (p1 :> "app" @@ p2 :> "app" @@ p3 :> "idle")
/\ dec = (p1 :> "ask" @@ p2 :> "ask" @@ p3 :> "none")
/\ lock = p1
/\ files = [ ledger |-> <<>>,
  history |->
      << [id |-> <<p1, 2>>, part |-> 0, last |-> TRUE],
         [id |-> <<p2, 2>>, part |-> 0, last |-> TRUE] >>,
  feedback |-> <<>> ]
/\ cmd = (p1 :> "c1" @@ p2 :> "c1" @@ p3 :> "none")
/\ wpos = (p1 :> 2 @@ p2 :> 0 @@ p3 :> 0)
/\ spill = << [ sess |-> "s1",
     proj |-> "j1",
     cmd |-> "c1",
     dec |-> "ask",
     kind |-> "hr",
     step |-> p1,
     err |-> FALSE,
     legacy |-> FALSE,
     key |-> <<p1, 3>> ] >>
/\ queue = ( p1 :> <<<<"history", <<p1, 4>>>>>> @@
  p2 :> <<<<"ledger", <<p2, 3>>>>>> @@
  p3 :> <<>> )
/\ expired = FALSE
/\ learnOk = (p1 :> FALSE @@ p2 :> FALSE @@ p3 :> FALSE)
/\ after = (p1 :> "done" @@ p2 :> "returned" @@ p3 :> "done")
/\ granted = [c1 |-> 0, c2 |-> 0]

State 16: <Write line 254, col 5 to line 261, col 79 of module Semgate>
/\ recs = ( <<p1, 2>> :>
      [ sess |-> "s1",
        proj |-> "j1",
        cmd |-> "c1",
        dec |-> "ask",
        kind |-> "pending",
        step |-> p1,
        err |-> FALSE,
        legacy |-> FALSE ] @@
  <<p1, 3>> :>
      [ sess |-> "s1",
        proj |-> "j1",
        cmd |-> "c1",
        dec |-> "ask",
        kind |-> "hr",
        step |-> p1,
        err |-> FALSE,
        legacy |-> FALSE ] @@
  <<p1, 4>> :>
      [ sess |-> "s1",
        proj |-> "none",
        cmd |-> "c1",
        dec |-> "ask",
        kind |-> "executed",
        step |-> p1,
        err |-> FALSE,
        legacy |-> FALSE ] @@
  <<p1, 5>> :>
      [ sess |-> "none",
        proj |-> "none",
        cmd |-> "none",
        dec |-> "none",
        kind |-> "none",
        step |-> "none",
        err |-> FALSE,
        legacy |-> FALSE ] @@
  <<p2, 2>> :>
      [ sess |-> "s1",
        proj |-> "j1",
        cmd |-> "c1",
        dec |-> "ask",
        kind |-> "pending",
        step |-> p2,
        err |-> FALSE,
        legacy |-> FALSE ] @@
  <<p2, 3>> :>
      [ sess |-> "s1",
        proj |-> "j1",
        cmd |-> "c1",
        dec |-> "ask",
        kind |-> "hr",
        step |-> p2,
        err |-> FALSE,
        legacy |-> FALSE ] @@
  <<p2, 4>> :>
      [ sess |-> "none",
        proj |-> "none",
        cmd |-> "none",
        dec |-> "none",
        kind |-> "none",
        step |-> "none",
        err |-> FALSE,
        legacy |-> FALSE ] @@
  <<p2, 5>> :>
      [ sess |-> "none",
        proj |-> "none",
        cmd |-> "none",
        dec |-> "none",
        kind |-> "none",
        step |-> "none",
        err |-> FALSE,
        legacy |-> FALSE ] @@
  <<p3, 2>> :>
      [ sess |-> "none",
        proj |-> "none",
        cmd |-> "none",
        dec |-> "none",
        kind |-> "none",
        step |-> "none",
        err |-> FALSE,
        legacy |-> FALSE ] @@
  <<p3, 3>> :>
      [ sess |-> "none",
        proj |-> "none",
        cmd |-> "none",
        dec |-> "none",
        kind |-> "none",
        step |-> "none",
        err |-> FALSE,
        legacy |-> FALSE ] @@
  <<p3, 4>> :>
      [ sess |-> "none",
        proj |-> "none",
        cmd |-> "none",
        dec |-> "none",
        kind |-> "none",
        step |-> "none",
        err |-> FALSE,
        legacy |-> FALSE ] @@
  <<p3, 5>> :>
      [ sess |-> "none",
        proj |-> "none",
        cmd |-> "none",
        dec |-> "none",
        kind |-> "none",
        step |-> "none",
        err |-> FALSE,
        legacy |-> FALSE ] @@
  <<"op", 1>> :>
      [ sess |-> "none",
        proj |-> "none",
        cmd |-> "none",
        dec |-> "none",
        kind |-> "none",
        step |-> "none",
        err |-> FALSE,
        legacy |-> FALSE ] @@
  <<"op", 2>> :>
      [ sess |-> "none",
        proj |-> "none",
        cmd |-> "none",
        dec |-> "none",
        kind |-> "none",
        step |-> "none",
        err |-> FALSE,
        legacy |-> FALSE ] )
/\ proj = (p1 :> "j1" @@ p2 :> "j1" @@ p3 :> "none")
/\ expAt = (p1 :> FALSE @@ p2 :> FALSE @@ p3 :> FALSE)
/\ approved = [c1 |-> 1, c2 |-> 0]
/\ sess = (p1 :> "s1" @@ p2 :> "s1" @@ p3 :> "none")
/\ tout = (p1 :> 1 @@ p2 :> 1 @@ p3 :> 0)
/\ ran = (p1 :> "yes" @@ p2 :> "none" @@ p3 :> "none")
/\ sub = (p1 :> "rel" @@ p2 :> "acq" @@ p3 :> "none")
/\ stage = (p1 :> "base" @@ p2 :> "base" @@ p3 :> "none")
/\ pc = (p1 :> "app" @@ p2 :> "app" @@ p3 :> "idle")
/\ dec = (p1 :> "ask" @@ p2 :> "ask" @@ p3 :> "none")
/\ lock = p1
/\ files = [ ledger |-> <<>>,
  history |->
      << [id |-> <<p1, 2>>, part |-> 0, last |-> TRUE],
         [id |-> <<p2, 2>>, part |-> 0, last |-> TRUE],
         [id |-> <<p1, 4>>, part |-> 0, last |-> FALSE],
         [id |-> <<p1, 4>>, part |-> 1, last |-> TRUE] >>,
  feedback |-> <<>> ]
/\ cmd = (p1 :> "c1" @@ p2 :> "c1" @@ p3 :> "none")
/\ wpos = (p1 :> 0 @@ p2 :> 0 @@ p3 :> 0)
/\ spill = << [ sess |-> "s1",
     proj |-> "j1",
     cmd |-> "c1",
     dec |-> "ask",
     kind |-> "hr",
     step |-> p1,
     err |-> FALSE,
     legacy |-> FALSE,
     key |-> <<p1, 3>> ] >>
/\ queue = ( p1 :> <<<<"history", <<p1, 4>>>>>> @@
  p2 :> <<<<"ledger", <<p2, 3>>>>>> @@
  p3 :> <<>> )
/\ expired = FALSE
/\ learnOk = (p1 :> FALSE @@ p2 :> FALSE @@ p3 :> FALSE)
/\ after = (p1 :> "done" @@ p2 :> "returned" @@ p3 :> "done")
/\ granted = [c1 |-> 0, c2 |-> 0]

State 17: <AcqTimeout line 226, col 5 to line 237, col 68 of module Semgate>
/\ recs = ( <<p1, 2>> :>
      [ sess |-> "s1",
        proj |-> "j1",
        cmd |-> "c1",
        dec |-> "ask",
        kind |-> "pending",
        step |-> p1,
        err |-> FALSE,
        legacy |-> FALSE ] @@
  <<p1, 3>> :>
      [ sess |-> "s1",
        proj |-> "j1",
        cmd |-> "c1",
        dec |-> "ask",
        kind |-> "hr",
        step |-> p1,
        err |-> FALSE,
        legacy |-> FALSE ] @@
  <<p1, 4>> :>
      [ sess |-> "s1",
        proj |-> "none",
        cmd |-> "c1",
        dec |-> "ask",
        kind |-> "executed",
        step |-> p1,
        err |-> FALSE,
        legacy |-> FALSE ] @@
  <<p1, 5>> :>
      [ sess |-> "none",
        proj |-> "none",
        cmd |-> "none",
        dec |-> "none",
        kind |-> "none",
        step |-> "none",
        err |-> FALSE,
        legacy |-> FALSE ] @@
  <<p2, 2>> :>
      [ sess |-> "s1",
        proj |-> "j1",
        cmd |-> "c1",
        dec |-> "ask",
        kind |-> "pending",
        step |-> p2,
        err |-> FALSE,
        legacy |-> FALSE ] @@
  <<p2, 3>> :>
      [ sess |-> "s1",
        proj |-> "j1",
        cmd |-> "c1",
        dec |-> "ask",
        kind |-> "hr",
        step |-> p2,
        err |-> FALSE,
        legacy |-> FALSE ] @@
  <<p2, 4>> :>
      [ sess |-> "none",
        proj |-> "none",
        cmd |-> "none",
        dec |-> "none",
        kind |-> "none",
        step |-> "none",
        err |-> FALSE,
        legacy |-> FALSE ] @@
  <<p2, 5>> :>
      [ sess |-> "none",
        proj |-> "none",
        cmd |-> "none",
        dec |-> "none",
        kind |-> "none",
        step |-> "none",
        err |-> FALSE,
        legacy |-> FALSE ] @@
  <<p3, 2>> :>
      [ sess |-> "none",
        proj |-> "none",
        cmd |-> "none",
        dec |-> "none",
        kind |-> "none",
        step |-> "none",
        err |-> FALSE,
        legacy |-> FALSE ] @@
  <<p3, 3>> :>
      [ sess |-> "none",
        proj |-> "none",
        cmd |-> "none",
        dec |-> "none",
        kind |-> "none",
        step |-> "none",
        err |-> FALSE,
        legacy |-> FALSE ] @@
  <<p3, 4>> :>
      [ sess |-> "none",
        proj |-> "none",
        cmd |-> "none",
        dec |-> "none",
        kind |-> "none",
        step |-> "none",
        err |-> FALSE,
        legacy |-> FALSE ] @@
  <<p3, 5>> :>
      [ sess |-> "none",
        proj |-> "none",
        cmd |-> "none",
        dec |-> "none",
        kind |-> "none",
        step |-> "none",
        err |-> FALSE,
        legacy |-> FALSE ] @@
  <<"op", 1>> :>
      [ sess |-> "none",
        proj |-> "none",
        cmd |-> "none",
        dec |-> "none",
        kind |-> "none",
        step |-> "none",
        err |-> FALSE,
        legacy |-> FALSE ] @@
  <<"op", 2>> :>
      [ sess |-> "none",
        proj |-> "none",
        cmd |-> "none",
        dec |-> "none",
        kind |-> "none",
        step |-> "none",
        err |-> FALSE,
        legacy |-> FALSE ] )
/\ proj = (p1 :> "j1" @@ p2 :> "j1" @@ p3 :> "none")
/\ expAt = (p1 :> FALSE @@ p2 :> FALSE @@ p3 :> FALSE)
/\ approved = [c1 |-> 1, c2 |-> 0]
/\ sess = (p1 :> "s1" @@ p2 :> "s1" @@ p3 :> "none")
/\ tout = (p1 :> 1 @@ p2 :> 1 @@ p3 :> 0)
/\ ran = (p1 :> "yes" @@ p2 :> "none" @@ p3 :> "none")
/\ sub = (p1 :> "rel" @@ p2 :> "none" @@ p3 :> "none")
/\ stage = (p1 :> "base" @@ p2 :> "base" @@ p3 :> "none")
/\ pc = (p1 :> "app" @@ p2 :> "returned" @@ p3 :> "idle")
/\ dec = (p1 :> "ask" @@ p2 :> "ask" @@ p3 :> "none")
/\ lock = p1
/\ files = [ ledger |-> <<>>,
  history |->
      << [id |-> <<p1, 2>>, part |-> 0, last |-> TRUE],
         [id |-> <<p2, 2>>, part |-> 0, last |-> TRUE],
         [id |-> <<p1, 4>>, part |-> 0, last |-> FALSE],
         [id |-> <<p1, 4>>, part |-> 1, last |-> TRUE] >>,
  feedback |-> <<>> ]
/\ cmd = (p1 :> "c1" @@ p2 :> "c1" @@ p3 :> "none")
/\ wpos = (p1 :> 0 @@ p2 :> 0 @@ p3 :> 0)
/\ spill = << [ sess |-> "s1",
     proj |-> "j1",
     cmd |-> "c1",
     dec |-> "ask",
     kind |-> "hr",
     step |-> p1,
     err |-> FALSE,
     legacy |-> FALSE,
     key |-> <<p1, 3>> ],
   [ sess |-> "s1",
     proj |-> "j1",
     cmd |-> "c1",
     dec |-> "ask",
     kind |-> "hr",
     step |-> p2,
     err |-> FALSE,
     legacy |-> FALSE,
     key |-> <<p2, 3>> ] >>
/\ queue = (p1 :> <<<<"history", <<p1, 4>>>>>> @@ p2 :> <<>> @@ p3 :> <<>>)
/\ expired = FALSE
/\ learnOk = (p1 :> FALSE @@ p2 :> FALSE @@ p3 :> FALSE)
/\ after = (p1 :> "done" @@ p2 :> "returned" @@ p3 :> "done")
/\ granted = [c1 |-> 0, c2 |-> 0]

State 18: <HostAndPost line 326, col 5 to line 332, col 114 of module Semgate>
/\ recs = ( <<p1, 2>> :>
      [ sess |-> "s1",
        proj |-> "j1",
        cmd |-> "c1",
        dec |-> "ask",
        kind |-> "pending",
        step |-> p1,
        err |-> FALSE,
        legacy |-> FALSE ] @@
  <<p1, 3>> :>
      [ sess |-> "s1",
        proj |-> "j1",
        cmd |-> "c1",
        dec |-> "ask",
        kind |-> "hr",
        step |-> p1,
        err |-> FALSE,
        legacy |-> FALSE ] @@
  <<p1, 4>> :>
      [ sess |-> "s1",
        proj |-> "none",
        cmd |-> "c1",
        dec |-> "ask",
        kind |-> "executed",
        step |-> p1,
        err |-> FALSE,
        legacy |-> FALSE ] @@
  <<p1, 5>> :>
      [ sess |-> "none",
        proj |-> "none",
        cmd |-> "none",
        dec |-> "none",
        kind |-> "none",
        step |-> "none",
        err |-> FALSE,
        legacy |-> FALSE ] @@
  <<p2, 2>> :>
      [ sess |-> "s1",
        proj |-> "j1",
        cmd |-> "c1",
        dec |-> "ask",
        kind |-> "pending",
        step |-> p2,
        err |-> FALSE,
        legacy |-> FALSE ] @@
  <<p2, 3>> :>
      [ sess |-> "s1",
        proj |-> "j1",
        cmd |-> "c1",
        dec |-> "ask",
        kind |-> "hr",
        step |-> p2,
        err |-> FALSE,
        legacy |-> FALSE ] @@
  <<p2, 4>> :>
      [ sess |-> "s1",
        proj |-> "none",
        cmd |-> "c1",
        dec |-> "ask",
        kind |-> "executed",
        step |-> p2,
        err |-> FALSE,
        legacy |-> FALSE ] @@
  <<p2, 5>> :>
      [ sess |-> "none",
        proj |-> "none",
        cmd |-> "none",
        dec |-> "none",
        kind |-> "none",
        step |-> "none",
        err |-> FALSE,
        legacy |-> FALSE ] @@
  <<p3, 2>> :>
      [ sess |-> "none",
        proj |-> "none",
        cmd |-> "none",
        dec |-> "none",
        kind |-> "none",
        step |-> "none",
        err |-> FALSE,
        legacy |-> FALSE ] @@
  <<p3, 3>> :>
      [ sess |-> "none",
        proj |-> "none",
        cmd |-> "none",
        dec |-> "none",
        kind |-> "none",
        step |-> "none",
        err |-> FALSE,
        legacy |-> FALSE ] @@
  <<p3, 4>> :>
      [ sess |-> "none",
        proj |-> "none",
        cmd |-> "none",
        dec |-> "none",
        kind |-> "none",
        step |-> "none",
        err |-> FALSE,
        legacy |-> FALSE ] @@
  <<p3, 5>> :>
      [ sess |-> "none",
        proj |-> "none",
        cmd |-> "none",
        dec |-> "none",
        kind |-> "none",
        step |-> "none",
        err |-> FALSE,
        legacy |-> FALSE ] @@
  <<"op", 1>> :>
      [ sess |-> "none",
        proj |-> "none",
        cmd |-> "none",
        dec |-> "none",
        kind |-> "none",
        step |-> "none",
        err |-> FALSE,
        legacy |-> FALSE ] @@
  <<"op", 2>> :>
      [ sess |-> "none",
        proj |-> "none",
        cmd |-> "none",
        dec |-> "none",
        kind |-> "none",
        step |-> "none",
        err |-> FALSE,
        legacy |-> FALSE ] )
/\ proj = (p1 :> "j1" @@ p2 :> "j1" @@ p3 :> "none")
/\ expAt = (p1 :> FALSE @@ p2 :> FALSE @@ p3 :> FALSE)
/\ approved = [c1 |-> 2, c2 |-> 0]
/\ sess = (p1 :> "s1" @@ p2 :> "s1" @@ p3 :> "none")
/\ tout = (p1 :> 1 @@ p2 :> 1 @@ p3 :> 0)
/\ ran = (p1 :> "yes" @@ p2 :> "yes" @@ p3 :> "none")
/\ sub = (p1 :> "rel" @@ p2 :> "acq" @@ p3 :> "none")
/\ stage = (p1 :> "base" @@ p2 :> "base" @@ p3 :> "none")
/\ pc = (p1 :> "app" @@ p2 :> "app" @@ p3 :> "idle")
/\ dec = (p1 :> "ask" @@ p2 :> "ask" @@ p3 :> "none")
/\ lock = p1
/\ files = [ ledger |-> <<>>,
  history |->
      << [id |-> <<p1, 2>>, part |-> 0, last |-> TRUE],
         [id |-> <<p2, 2>>, part |-> 0, last |-> TRUE],
         [id |-> <<p1, 4>>, part |-> 0, last |-> FALSE],
         [id |-> <<p1, 4>>, part |-> 1, last |-> TRUE] >>,
  feedback |-> <<>> ]
/\ cmd = (p1 :> "c1" @@ p2 :> "c1" @@ p3 :> "none")
/\ wpos = (p1 :> 0 @@ p2 :> 0 @@ p3 :> 0)
/\ spill = << [ sess |-> "s1",
     proj |-> "j1",
     cmd |-> "c1",
     dec |-> "ask",
     kind |-> "hr",
     step |-> p1,
     err |-> FALSE,
     legacy |-> FALSE,
     key |-> <<p1, 3>> ],
   [ sess |-> "s1",
     proj |-> "j1",
     cmd |-> "c1",
     dec |-> "ask",
     kind |-> "hr",
     step |-> p2,
     err |-> FALSE,
     legacy |-> FALSE,
     key |-> <<p2, 3>> ] >>
/\ queue = ( p1 :> <<<<"history", <<p1, 4>>>>>> @@
  p2 :> <<<<"history", <<p2, 4>>>>>> @@
  p3 :> <<>> )
/\ expired = FALSE
/\ learnOk = (p1 :> FALSE @@ p2 :> FALSE @@ p3 :> FALSE)
/\ after = (p1 :> "done" @@ p2 :> "done" @@ p3 :> "done")
/\ granted = [c1 |-> 0, c2 |-> 0]

State 19: <Release line 264, col 5 to line 267, col 86 of module Semgate>
/\ recs = ( <<p1, 2>> :>
      [ sess |-> "s1",
        proj |-> "j1",
        cmd |-> "c1",
        dec |-> "ask",
        kind |-> "pending",
        step |-> p1,
        err |-> FALSE,
        legacy |-> FALSE ] @@
  <<p1, 3>> :>
      [ sess |-> "s1",
        proj |-> "j1",
        cmd |-> "c1",
        dec |-> "ask",
        kind |-> "hr",
        step |-> p1,
        err |-> FALSE,
        legacy |-> FALSE ] @@
  <<p1, 4>> :>
      [ sess |-> "s1",
        proj |-> "none",
        cmd |-> "c1",
        dec |-> "ask",
        kind |-> "executed",
        step |-> p1,
        err |-> FALSE,
        legacy |-> FALSE ] @@
  <<p1, 5>> :>
      [ sess |-> "none",
        proj |-> "none",
        cmd |-> "none",
        dec |-> "none",
        kind |-> "none",
        step |-> "none",
        err |-> FALSE,
        legacy |-> FALSE ] @@
  <<p2, 2>> :>
      [ sess |-> "s1",
        proj |-> "j1",
        cmd |-> "c1",
        dec |-> "ask",
        kind |-> "pending",
        step |-> p2,
        err |-> FALSE,
        legacy |-> FALSE ] @@
  <<p2, 3>> :>
      [ sess |-> "s1",
        proj |-> "j1",
        cmd |-> "c1",
        dec |-> "ask",
        kind |-> "hr",
        step |-> p2,
        err |-> FALSE,
        legacy |-> FALSE ] @@
  <<p2, 4>> :>
      [ sess |-> "s1",
        proj |-> "none",
        cmd |-> "c1",
        dec |-> "ask",
        kind |-> "executed",
        step |-> p2,
        err |-> FALSE,
        legacy |-> FALSE ] @@
  <<p2, 5>> :>
      [ sess |-> "none",
        proj |-> "none",
        cmd |-> "none",
        dec |-> "none",
        kind |-> "none",
        step |-> "none",
        err |-> FALSE,
        legacy |-> FALSE ] @@
  <<p3, 2>> :>
      [ sess |-> "none",
        proj |-> "none",
        cmd |-> "none",
        dec |-> "none",
        kind |-> "none",
        step |-> "none",
        err |-> FALSE,
        legacy |-> FALSE ] @@
  <<p3, 3>> :>
      [ sess |-> "none",
        proj |-> "none",
        cmd |-> "none",
        dec |-> "none",
        kind |-> "none",
        step |-> "none",
        err |-> FALSE,
        legacy |-> FALSE ] @@
  <<p3, 4>> :>
      [ sess |-> "none",
        proj |-> "none",
        cmd |-> "none",
        dec |-> "none",
        kind |-> "none",
        step |-> "none",
        err |-> FALSE,
        legacy |-> FALSE ] @@
  <<p3, 5>> :>
      [ sess |-> "none",
        proj |-> "none",
        cmd |-> "none",
        dec |-> "none",
        kind |-> "none",
        step |-> "none",
        err |-> FALSE,
        legacy |-> FALSE ] @@
  <<"op", 1>> :>
      [ sess |-> "none",
        proj |-> "none",
        cmd |-> "none",
        dec |-> "none",
        kind |-> "none",
        step |-> "none",
        err |-> FALSE,
        legacy |-> FALSE ] @@
  <<"op", 2>> :>
      [ sess |-> "none",
        proj |-> "none",
        cmd |-> "none",
        dec |-> "none",
        kind |-> "none",
        step |-> "none",
        err |-> FALSE,
        legacy |-> FALSE ] )
/\ proj = (p1 :> "j1" @@ p2 :> "j1" @@ p3 :> "none")
/\ expAt = (p1 :> FALSE @@ p2 :> FALSE @@ p3 :> FALSE)
/\ approved = [c1 |-> 2, c2 |-> 0]
/\ sess = (p1 :> "s1" @@ p2 :> "s1" @@ p3 :> "none")
/\ tout = (p1 :> 1 @@ p2 :> 1 @@ p3 :> 0)
/\ ran = (p1 :> "yes" @@ p2 :> "yes" @@ p3 :> "none")
/\ sub = (p1 :> "none" @@ p2 :> "acq" @@ p3 :> "none")
/\ stage = (p1 :> "base" @@ p2 :> "base" @@ p3 :> "none")
/\ pc = (p1 :> "done" @@ p2 :> "app" @@ p3 :> "idle")
/\ dec = (p1 :> "ask" @@ p2 :> "ask" @@ p3 :> "none")
/\ lock = "free"
/\ files = [ ledger |-> <<>>,
  history |->
      << [id |-> <<p1, 2>>, part |-> 0, last |-> TRUE],
         [id |-> <<p2, 2>>, part |-> 0, last |-> TRUE],
         [id |-> <<p1, 4>>, part |-> 0, last |-> FALSE],
         [id |-> <<p1, 4>>, part |-> 1, last |-> TRUE] >>,
  feedback |-> <<>> ]
/\ cmd = (p1 :> "c1" @@ p2 :> "c1" @@ p3 :> "none")
/\ wpos = (p1 :> 0 @@ p2 :> 0 @@ p3 :> 0)
/\ spill = << [ sess |-> "s1",
     proj |-> "j1",
     cmd |-> "c1",
     dec |-> "ask",
     kind |-> "hr",
     step |-> p1,
     err |-> FALSE,
     legacy |-> FALSE,
     key |-> <<p1, 3>> ],
   [ sess |-> "s1",
     proj |-> "j1",
     cmd |-> "c1",
     dec |-> "ask",
     kind |-> "hr",
     step |-> p2,
     err |-> FALSE,
     legacy |-> FALSE,
     key |-> <<p2, 3>> ] >>
/\ queue = (p1 :> <<>> @@ p2 :> <<<<"history", <<p2, 4>>>>>> @@ p3 :> <<>>)
/\ expired = FALSE
/\ learnOk = (p1 :> FALSE @@ p2 :> FALSE @@ p3 :> FALSE)
/\ after = (p1 :> "done" @@ p2 :> "done" @@ p3 :> "done")
/\ granted = [c1 |-> 0, c2 |-> 0]

State 20: <Acquire line 218, col 5 to line 220, col 97 of module Semgate>
/\ recs = ( <<p1, 2>> :>
      [ sess |-> "s1",
        proj |-> "j1",
        cmd |-> "c1",
        dec |-> "ask",
        kind |-> "pending",
        step |-> p1,
        err |-> FALSE,
        legacy |-> FALSE ] @@
  <<p1, 3>> :>
      [ sess |-> "s1",
        proj |-> "j1",
        cmd |-> "c1",
        dec |-> "ask",
        kind |-> "hr",
        step |-> p1,
        err |-> FALSE,
        legacy |-> FALSE ] @@
  <<p1, 4>> :>
      [ sess |-> "s1",
        proj |-> "none",
        cmd |-> "c1",
        dec |-> "ask",
        kind |-> "executed",
        step |-> p1,
        err |-> FALSE,
        legacy |-> FALSE ] @@
  <<p1, 5>> :>
      [ sess |-> "none",
        proj |-> "none",
        cmd |-> "none",
        dec |-> "none",
        kind |-> "none",
        step |-> "none",
        err |-> FALSE,
        legacy |-> FALSE ] @@
  <<p2, 2>> :>
      [ sess |-> "s1",
        proj |-> "j1",
        cmd |-> "c1",
        dec |-> "ask",
        kind |-> "pending",
        step |-> p2,
        err |-> FALSE,
        legacy |-> FALSE ] @@
  <<p2, 3>> :>
      [ sess |-> "s1",
        proj |-> "j1",
        cmd |-> "c1",
        dec |-> "ask",
        kind |-> "hr",
        step |-> p2,
        err |-> FALSE,
        legacy |-> FALSE ] @@
  <<p2, 4>> :>
      [ sess |-> "s1",
        proj |-> "none",
        cmd |-> "c1",
        dec |-> "ask",
        kind |-> "executed",
        step |-> p2,
        err |-> FALSE,
        legacy |-> FALSE ] @@
  <<p2, 5>> :>
      [ sess |-> "none",
        proj |-> "none",
        cmd |-> "none",
        dec |-> "none",
        kind |-> "none",
        step |-> "none",
        err |-> FALSE,
        legacy |-> FALSE ] @@
  <<p3, 2>> :>
      [ sess |-> "none",
        proj |-> "none",
        cmd |-> "none",
        dec |-> "none",
        kind |-> "none",
        step |-> "none",
        err |-> FALSE,
        legacy |-> FALSE ] @@
  <<p3, 3>> :>
      [ sess |-> "none",
        proj |-> "none",
        cmd |-> "none",
        dec |-> "none",
        kind |-> "none",
        step |-> "none",
        err |-> FALSE,
        legacy |-> FALSE ] @@
  <<p3, 4>> :>
      [ sess |-> "none",
        proj |-> "none",
        cmd |-> "none",
        dec |-> "none",
        kind |-> "none",
        step |-> "none",
        err |-> FALSE,
        legacy |-> FALSE ] @@
  <<p3, 5>> :>
      [ sess |-> "none",
        proj |-> "none",
        cmd |-> "none",
        dec |-> "none",
        kind |-> "none",
        step |-> "none",
        err |-> FALSE,
        legacy |-> FALSE ] @@
  <<"op", 1>> :>
      [ sess |-> "none",
        proj |-> "none",
        cmd |-> "none",
        dec |-> "none",
        kind |-> "none",
        step |-> "none",
        err |-> FALSE,
        legacy |-> FALSE ] @@
  <<"op", 2>> :>
      [ sess |-> "none",
        proj |-> "none",
        cmd |-> "none",
        dec |-> "none",
        kind |-> "none",
        step |-> "none",
        err |-> FALSE,
        legacy |-> FALSE ] )
/\ proj = (p1 :> "j1" @@ p2 :> "j1" @@ p3 :> "none")
/\ expAt = (p1 :> FALSE @@ p2 :> FALSE @@ p3 :> FALSE)
/\ approved = [c1 |-> 2, c2 |-> 0]
/\ sess = (p1 :> "s1" @@ p2 :> "s1" @@ p3 :> "none")
/\ tout = (p1 :> 1 @@ p2 :> 1 @@ p3 :> 0)
/\ ran = (p1 :> "yes" @@ p2 :> "yes" @@ p3 :> "none")
/\ sub = (p1 :> "none" @@ p2 :> "seek" @@ p3 :> "none")
/\ stage = (p1 :> "base" @@ p2 :> "base" @@ p3 :> "none")
/\ pc = (p1 :> "done" @@ p2 :> "app" @@ p3 :> "idle")
/\ dec = (p1 :> "ask" @@ p2 :> "ask" @@ p3 :> "none")
/\ lock = p2
/\ files = [ ledger |-> <<>>,
  history |->
      << [id |-> <<p1, 2>>, part |-> 0, last |-> TRUE],
         [id |-> <<p2, 2>>, part |-> 0, last |-> TRUE],
         [id |-> <<p1, 4>>, part |-> 0, last |-> FALSE],
         [id |-> <<p1, 4>>, part |-> 1, last |-> TRUE] >>,
  feedback |-> <<>> ]
/\ cmd = (p1 :> "c1" @@ p2 :> "c1" @@ p3 :> "none")
/\ wpos = (p1 :> 0 @@ p2 :> 0 @@ p3 :> 0)
/\ spill = << [ sess |-> "s1",
     proj |-> "j1",
     cmd |-> "c1",
     dec |-> "ask",
     kind |-> "hr",
     step |-> p1,
     err |-> FALSE,
     legacy |-> FALSE,
     key |-> <<p1, 3>> ],
   [ sess |-> "s1",
     proj |-> "j1",
     cmd |-> "c1",
     dec |-> "ask",
     kind |-> "hr",
     step |-> p2,
     err |-> FALSE,
     legacy |-> FALSE,
     key |-> <<p2, 3>> ] >>
/\ queue = (p1 :> <<>> @@ p2 :> <<<<"history", <<p2, 4>>>>>> @@ p3 :> <<>>)
/\ expired = FALSE
/\ learnOk = (p1 :> FALSE @@ p2 :> FALSE @@ p3 :> FALSE)
/\ after = (p1 :> "done" @@ p2 :> "done" @@ p3 :> "done")
/\ granted = [c1 |-> 0, c2 |-> 0]

State 21: <Seek line 240, col 5 to line 251, col 79 of module Semgate>
/\ recs = ( <<p1, 2>> :>
      [ sess |-> "s1",
        proj |-> "j1",
        cmd |-> "c1",
        dec |-> "ask",
        kind |-> "pending",
        step |-> p1,
        err |-> FALSE,
        legacy |-> FALSE ] @@
  <<p1, 3>> :>
      [ sess |-> "s1",
        proj |-> "j1",
        cmd |-> "c1",
        dec |-> "ask",
        kind |-> "hr",
        step |-> p1,
        err |-> FALSE,
        legacy |-> FALSE ] @@
  <<p1, 4>> :>
      [ sess |-> "s1",
        proj |-> "none",
        cmd |-> "c1",
        dec |-> "ask",
        kind |-> "executed",
        step |-> p1,
        err |-> FALSE,
        legacy |-> FALSE ] @@
  <<p1, 5>> :>
      [ sess |-> "none",
        proj |-> "none",
        cmd |-> "none",
        dec |-> "none",
        kind |-> "none",
        step |-> "none",
        err |-> FALSE,
        legacy |-> FALSE ] @@
  <<p2, 2>> :>
      [ sess |-> "s1",
        proj |-> "j1",
        cmd |-> "c1",
        dec |-> "ask",
        kind |-> "pending",
        step |-> p2,
        err |-> FALSE,
        legacy |-> FALSE ] @@
  <<p2, 3>> :>
      [ sess |-> "s1",
        proj |-> "j1",
        cmd |-> "c1",
        dec |-> "ask",
        kind |-> "hr",
        step |-> p2,
        err |-> FALSE,
        legacy |-> FALSE ] @@
  <<p2, 4>> :>
      [ sess |-> "s1",
        proj |-> "none",
        cmd |-> "c1",
        dec |-> "ask",
        kind |-> "executed",
        step |-> p2,
        err |-> FALSE,
        legacy |-> FALSE ] @@
  <<p2, 5>> :>
      [ sess |-> "none",
        proj |-> "none",
        cmd |-> "none",
        dec |-> "none",
        kind |-> "none",
        step |-> "none",
        err |-> FALSE,
        legacy |-> FALSE ] @@
  <<p3, 2>> :>
      [ sess |-> "none",
        proj |-> "none",
        cmd |-> "none",
        dec |-> "none",
        kind |-> "none",
        step |-> "none",
        err |-> FALSE,
        legacy |-> FALSE ] @@
  <<p3, 3>> :>
      [ sess |-> "none",
        proj |-> "none",
        cmd |-> "none",
        dec |-> "none",
        kind |-> "none",
        step |-> "none",
        err |-> FALSE,
        legacy |-> FALSE ] @@
  <<p3, 4>> :>
      [ sess |-> "none",
        proj |-> "none",
        cmd |-> "none",
        dec |-> "none",
        kind |-> "none",
        step |-> "none",
        err |-> FALSE,
        legacy |-> FALSE ] @@
  <<p3, 5>> :>
      [ sess |-> "none",
        proj |-> "none",
        cmd |-> "none",
        dec |-> "none",
        kind |-> "none",
        step |-> "none",
        err |-> FALSE,
        legacy |-> FALSE ] @@
  <<"op", 1>> :>
      [ sess |-> "none",
        proj |-> "none",
        cmd |-> "none",
        dec |-> "none",
        kind |-> "none",
        step |-> "none",
        err |-> FALSE,
        legacy |-> FALSE ] @@
  <<"op", 2>> :>
      [ sess |-> "none",
        proj |-> "none",
        cmd |-> "none",
        dec |-> "none",
        kind |-> "none",
        step |-> "none",
        err |-> FALSE,
        legacy |-> FALSE ] )
/\ proj = (p1 :> "j1" @@ p2 :> "j1" @@ p3 :> "none")
/\ expAt = (p1 :> FALSE @@ p2 :> FALSE @@ p3 :> FALSE)
/\ approved = [c1 |-> 2, c2 |-> 0]
/\ sess = (p1 :> "s1" @@ p2 :> "s1" @@ p3 :> "none")
/\ tout = (p1 :> 1 @@ p2 :> 1 @@ p3 :> 0)
/\ ran = (p1 :> "yes" @@ p2 :> "yes" @@ p3 :> "none")
/\ sub = (p1 :> "none" @@ p2 :> "write" @@ p3 :> "none")
/\ stage = (p1 :> "base" @@ p2 :> "base" @@ p3 :> "none")
/\ pc = (p1 :> "done" @@ p2 :> "app" @@ p3 :> "idle")
/\ dec = (p1 :> "ask" @@ p2 :> "ask" @@ p3 :> "none")
/\ lock = p2
/\ files = [ ledger |-> <<>>,
  history |->
      << [id |-> <<p1, 2>>, part |-> 0, last |-> TRUE],
         [id |-> <<p2, 2>>, part |-> 0, last |-> TRUE],
         [id |-> <<p1, 4>>, part |-> 0, last |-> FALSE],
         [id |-> <<p1, 4>>, part |-> 1, last |-> TRUE] >>,
  feedback |-> <<>> ]
/\ cmd = (p1 :> "c1" @@ p2 :> "c1" @@ p3 :> "none")
/\ wpos = (p1 :> 0 @@ p2 :> 4 @@ p3 :> 0)
/\ spill = << [ sess |-> "s1",
     proj |-> "j1",
     cmd |-> "c1",
     dec |-> "ask",
     kind |-> "hr",
     step |-> p1,
     err |-> FALSE,
     legacy |-> FALSE,
     key |-> <<p1, 3>> ],
   [ sess |-> "s1",
     proj |-> "j1",
     cmd |-> "c1",
     dec |-> "ask",
     kind |-> "hr",
     step |-> p2,
     err |-> FALSE,
     legacy |-> FALSE,
     key |-> <<p2, 3>> ] >>
/\ queue = (p1 :> <<>> @@ p2 :> <<<<"history", <<p2, 4>>>>>> @@ p3 :> <<>>)
/\ expired = FALSE
/\ learnOk = (p1 :> FALSE @@ p2 :> FALSE @@ p3 :> FALSE)
/\ after = (p1 :> "done" @@ p2 :> "done" @@ p3 :> "done")
/\ granted = [c1 |-> 0, c2 |-> 0]

State 22: <Write line 254, col 5 to line 261, col 79 of module Semgate>
/\ recs = ( <<p1, 2>> :>
      [ sess |-> "s1",
        proj |-> "j1",
        cmd |-> "c1",
        dec |-> "ask",
        kind |-> "pending",
        step |-> p1,
        err |-> FALSE,
        legacy |-> FALSE ] @@
  <<p1, 3>> :>
      [ sess |-> "s1",
        proj |-> "j1",
        cmd |-> "c1",
        dec |-> "ask",
        kind |-> "hr",
        step |-> p1,
        err |-> FALSE,
        legacy |-> FALSE ] @@
  <<p1, 4>> :>
      [ sess |-> "s1",
        proj |-> "none",
        cmd |-> "c1",
        dec |-> "ask",
        kind |-> "executed",
        step |-> p1,
        err |-> FALSE,
        legacy |-> FALSE ] @@
  <<p1, 5>> :>
      [ sess |-> "none",
        proj |-> "none",
        cmd |-> "none",
        dec |-> "none",
        kind |-> "none",
        step |-> "none",
        err |-> FALSE,
        legacy |-> FALSE ] @@
  <<p2, 2>> :>
      [ sess |-> "s1",
        proj |-> "j1",
        cmd |-> "c1",
        dec |-> "ask",
        kind |-> "pending",
        step |-> p2,
        err |-> FALSE,
        legacy |-> FALSE ] @@
  <<p2, 3>> :>
      [ sess |-> "s1",
        proj |-> "j1",
        cmd |-> "c1",
        dec |-> "ask",
        kind |-> "hr",
        step |-> p2,
        err |-> FALSE,
        legacy |-> FALSE ] @@
  <<p2, 4>> :>
      [ sess |-> "s1",
        proj |-> "none",
        cmd |-> "c1",
        dec |-> "ask",
        kind |-> "executed",
        step |-> p2,
        err |-> FALSE,
        legacy |-> FALSE ] @@
  <<p2, 5>> :>
      [ sess |-> "none",
        proj |-> "none",
        cmd |-> "none",
        dec |-> "none",
        kind |-> "none",
        step |-> "none",
        err |-> FALSE,
        legacy |-> FALSE ] @@
  <<p3, 2>> :>
      [ sess |-> "none",
        proj |-> "none",
        cmd |-> "none",
        dec |-> "none",
        kind |-> "none",
        step |-> "none",
        err |-> FALSE,
        legacy |-> FALSE ] @@
  <<p3, 3>> :>
      [ sess |-> "none",
        proj |-> "none",
        cmd |-> "none",
        dec |-> "none",
        kind |-> "none",
        step |-> "none",
        err |-> FALSE,
        legacy |-> FALSE ] @@
  <<p3, 4>> :>
      [ sess |-> "none",
        proj |-> "none",
        cmd |-> "none",
        dec |-> "none",
        kind |-> "none",
        step |-> "none",
        err |-> FALSE,
        legacy |-> FALSE ] @@
  <<p3, 5>> :>
      [ sess |-> "none",
        proj |-> "none",
        cmd |-> "none",
        dec |-> "none",
        kind |-> "none",
        step |-> "none",
        err |-> FALSE,
        legacy |-> FALSE ] @@
  <<"op", 1>> :>
      [ sess |-> "none",
        proj |-> "none",
        cmd |-> "none",
        dec |-> "none",
        kind |-> "none",
        step |-> "none",
        err |-> FALSE,
        legacy |-> FALSE ] @@
  <<"op", 2>> :>
      [ sess |-> "none",
        proj |-> "none",
        cmd |-> "none",
        dec |-> "none",
        kind |-> "none",
        step |-> "none",
        err |-> FALSE,
        legacy |-> FALSE ] )
/\ proj = (p1 :> "j1" @@ p2 :> "j1" @@ p3 :> "none")
/\ expAt = (p1 :> FALSE @@ p2 :> FALSE @@ p3 :> FALSE)
/\ approved = [c1 |-> 2, c2 |-> 0]
/\ sess = (p1 :> "s1" @@ p2 :> "s1" @@ p3 :> "none")
/\ tout = (p1 :> 1 @@ p2 :> 1 @@ p3 :> 0)
/\ ran = (p1 :> "yes" @@ p2 :> "yes" @@ p3 :> "none")
/\ sub = (p1 :> "none" @@ p2 :> "rel" @@ p3 :> "none")
/\ stage = (p1 :> "base" @@ p2 :> "base" @@ p3 :> "none")
/\ pc = (p1 :> "done" @@ p2 :> "app" @@ p3 :> "idle")
/\ dec = (p1 :> "ask" @@ p2 :> "ask" @@ p3 :> "none")
/\ lock = p2
/\ files = [ ledger |-> <<>>,
  history |->
      << [id |-> <<p1, 2>>, part |-> 0, last |-> TRUE],
         [id |-> <<p2, 2>>, part |-> 0, last |-> TRUE],
         [id |-> <<p1, 4>>, part |-> 0, last |-> FALSE],
         [id |-> <<p1, 4>>, part |-> 1, last |-> TRUE],
         [id |-> <<p2, 4>>, part |-> 0, last |-> FALSE],
         [id |-> <<p2, 4>>, part |-> 1, last |-> TRUE] >>,
  feedback |-> <<>> ]
/\ cmd = (p1 :> "c1" @@ p2 :> "c1" @@ p3 :> "none")
/\ wpos = (p1 :> 0 @@ p2 :> 0 @@ p3 :> 0)
/\ spill = << [ sess |-> "s1",
     proj |-> "j1",
     cmd |-> "c1",
     dec |-> "ask",
     kind |-> "hr",
     step |-> p1,
     err |-> FALSE,
     legacy |-> FALSE,
     key |-> <<p1, 3>> ],
   [ sess |-> "s1",
     proj |-> "j1",
     cmd |-> "c1",
     dec |-> "ask",
     kind |-> "hr",
     step |-> p2,
     err |-> FALSE,
     legacy |-> FALSE,
     key |-> <<p2, 3>> ] >>
/\ queue = (p1 :> <<>> @@ p2 :> <<<<"history", <<p2, 4>>>>>> @@ p3 :> <<>>)
/\ expired = FALSE
/\ learnOk = (p1 :> FALSE @@ p2 :> FALSE @@ p3 :> FALSE)
/\ after = (p1 :> "done" @@ p2 :> "done" @@ p3 :> "done")
/\ granted = [c1 |-> 0, c2 |-> 0]

State 23: <Decide line 277, col 5 to line 305, col 78 of module Semgate>
/\ recs = ( <<p1, 2>> :>
      [ sess |-> "s1",
        proj |-> "j1",
        cmd |-> "c1",
        dec |-> "ask",
        kind |-> "pending",
        step |-> p1,
        err |-> FALSE,
        legacy |-> FALSE ] @@
  <<p1, 3>> :>
      [ sess |-> "s1",
        proj |-> "j1",
        cmd |-> "c1",
        dec |-> "ask",
        kind |-> "hr",
        step |-> p1,
        err |-> FALSE,
        legacy |-> FALSE ] @@
  <<p1, 4>> :>
      [ sess |-> "s1",
        proj |-> "none",
        cmd |-> "c1",
        dec |-> "ask",
        kind |-> "executed",
        step |-> p1,
        err |-> FALSE,
        legacy |-> FALSE ] @@
  <<p1, 5>> :>
      [ sess |-> "none",
        proj |-> "none",
        cmd |-> "none",
        dec |-> "none",
        kind |-> "none",
        step |-> "none",
        err |-> FALSE,
        legacy |-> FALSE ] @@
  <<p2, 2>> :>
      [ sess |-> "s1",
        proj |-> "j1",
        cmd |-> "c1",
        dec |-> "ask",
        kind |-> "pending",
        step |-> p2,
        err |-> FALSE,
        legacy |-> FALSE ] @@
  <<p2, 3>> :>
      [ sess |-> "s1",
        proj |-> "j1",
        cmd |-> "c1",
        dec |-> "ask",
        kind |-> "hr",
        step |-> p2,
        err |-> FALSE,
        legacy |-> FALSE ] @@
  <<p2, 4>> :>
      [ sess |-> "s1",
        proj |-> "none",
        cmd |-> "c1",
        dec |-> "ask",
        kind |-> "executed",
        step |-> p2,
        err |-> FALSE,
        legacy |-> FALSE ] @@
  <<p2, 5>> :>
      [ sess |-> "none",
        proj |-> "none",
        cmd |-> "none",
        dec |-> "none",
        kind |-> "none",
        step |-> "none",
        err |-> FALSE,
        legacy |-> FALSE ] @@
  <<p3, 2>> :>
      [ sess |-> "s1",
        proj |-> "j1",
        cmd |-> "c1",
        dec |-> "ask",
        kind |-> "pending",
        step |-> p3,
        err |-> FALSE,
        legacy |-> FALSE ] @@
  <<p3, 3>> :>
      [ sess |-> "s1",
        proj |-> "j1",
        cmd |-> "c1",
        dec |-> "ask",
        kind |-> "hr",
        step |-> p3,
        err |-> FALSE,
        legacy |-> FALSE ] @@
  <<p3, 4>> :>
      [ sess |-> "none",
        proj |-> "none",
        cmd |-> "none",
        dec |-> "none",
        kind |-> "none",
        step |-> "none",
        err |-> FALSE,
        legacy |-> FALSE ] @@
  <<p3, 5>> :>
      [ sess |-> "none",
        proj |-> "none",
        cmd |-> "none",
        dec |-> "none",
        kind |-> "none",
        step |-> "none",
        err |-> FALSE,
        legacy |-> FALSE ] @@
  <<"op", 1>> :>
      [ sess |-> "none",
        proj |-> "none",
        cmd |-> "none",
        dec |-> "none",
        kind |-> "none",
        step |-> "none",
        err |-> FALSE,
        legacy |-> FALSE ] @@
  <<"op", 2>> :>
      [ sess |-> "none",
        proj |-> "none",
        cmd |-> "none",
        dec |-> "none",
        kind |-> "none",
        step |-> "none",
        err |-> FALSE,
        legacy |-> FALSE ] )
/\ proj = (p1 :> "j1" @@ p2 :> "j1" @@ p3 :> "j1")
/\ expAt = (p1 :> FALSE @@ p2 :> FALSE @@ p3 :> FALSE)
/\ approved = [c1 |-> 2, c2 |-> 0]
/\ sess = (p1 :> "s1" @@ p2 :> "s1" @@ p3 :> "s1")
/\ tout = (p1 :> 1 @@ p2 :> 1 @@ p3 :> 1)
/\ ran = (p1 :> "yes" @@ p2 :> "yes" @@ p3 :> "none")
/\ sub = (p1 :> "none" @@ p2 :> "rel" @@ p3 :> "acq")
/\ stage = (p1 :> "base" @@ p2 :> "base" @@ p3 :> "failclosed")
/\ pc = (p1 :> "done" @@ p2 :> "app" @@ p3 :> "app")
/\ dec = (p1 :> "ask" @@ p2 :> "ask" @@ p3 :> "ask")
/\ lock = p2
/\ files = [ ledger |-> <<>>,
  history |->
      << [id |-> <<p1, 2>>, part |-> 0, last |-> TRUE],
         [id |-> <<p2, 2>>, part |-> 0, last |-> TRUE],
         [id |-> <<p1, 4>>, part |-> 0, last |-> FALSE],
         [id |-> <<p1, 4>>, part |-> 1, last |-> TRUE],
         [id |-> <<p2, 4>>, part |-> 0, last |-> FALSE],
         [id |-> <<p2, 4>>, part |-> 1, last |-> TRUE] >>,
  feedback |-> <<>> ]
/\ cmd = (p1 :> "c1" @@ p2 :> "c1" @@ p3 :> "c1")
/\ wpos = (p1 :> 0 @@ p2 :> 0 @@ p3 :> 0)
/\ spill = << [ sess |-> "s1",
     proj |-> "j1",
     cmd |-> "c1",
     dec |-> "ask",
     kind |-> "hr",
     step |-> p1,
     err |-> FALSE,
     legacy |-> FALSE,
     key |-> <<p1, 3>> ],
   [ sess |-> "s1",
     proj |-> "j1",
     cmd |-> "c1",
     dec |-> "ask",
     kind |-> "hr",
     step |-> p2,
     err |-> FALSE,
     legacy |-> FALSE,
     key |-> <<p2, 3>> ] >>
/\ queue = ( p1 :> <<>> @@
  p2 :> <<<<"history", <<p2, 4>>>>>> @@
  p3 :> <<<<"history", <<p3, 2>>>>, <<"ledger", <<p3, 3>>>>>> )
/\ expired = FALSE
/\ learnOk = (p1 :> FALSE @@ p2 :> FALSE @@ p3 :> TRUE)
/\ after = (p1 :> "done" @@ p2 :> "done" @@ p3 :> "returned")
/\ granted = [c1 |-> 0, c2 |-> 0]

2345435 states generated, 1064848 distinct states found, 323318 states left on queue.
The depth of the complete state graph search is 23.
The average outdegree of the complete state graph is 1 (minimum is 0, the maximum 7 and the 95th percentile is 3).
Finished in 59s at (2026-09-23 14:54:45)
